annotation_id,annotator,created_at,id,lead_time,sentiment,text,updated_at
11,1,2025-07-17T01:37:28.180684Z,2,240.462,해양,"Gwangalli Beach was beautiful, stunning clean white sand and views over the ocean but the esplanade and surrounding streets are tourist traps, very commercial and unappealing that we couldn't wait to get away from the area.",2025-07-17T01:37:28.180694Z
12,1,2025-07-17T01:38:39.055029Z,3,70.713,해양,"Nice beach and view of the bridge. Some good food options, some not.",2025-07-17T01:38:39.055041Z
13,1,2025-07-17T01:38:59.088242Z,4,19.907,k-문화,Fun drone show on Saturday eve and watching the boats square up and shoot fireworks was fun.,2025-07-17T01:38:59.088257Z
14,1,2025-07-17T01:39:33.555824Z,5,34.325,해양,"Visiting Gwangalli Beach in Busan was an unforgettable experience, with its stunning ocean views and vibrant atmosphere. The highlight was seeing the illuminated Gwangan Bridge at night, reflecting beautifully on the water. I enjoyed walking along the sandy shore, feeling the cool sea breeze while watching street performances and lively crowds. The area was filled with cozy cafes and seafood restaurants, making it a perfect spot to relax and enjoy fresh local cuisine. Whether day or night, Gwangalli Beach offered a perfect blend of relaxation and excitement, making my trip truly memorable.",2025-07-17T01:39:33.555834Z
15,1,2025-07-17T01:40:04.472098Z,6,30.77,k-문화,"We were staying in Songdo, which is quiet and relaxing, so we thought we would come for the day. Cheap Taxi ride to the beach, which was extremely busy. Had a good look around the shops etc. There are so many food places it is unreal. We went primarily on Saturday night to see the drone show, which was epic. To showings, 8pm and 10pm. We enjoyed the show from a great little spot called Cococ. They have an upstairs as well as downstairs  area, great food, and cool atmosphere.",2025-07-17T01:40:04.472110Z
16,1,2025-07-17T01:40:21.432738Z,7,16.842,k-문화,"The drone show was spectacular, and I loved it. This is a must do if you are around on a Saturday night.",2025-07-17T01:40:21.432748Z
17,1,2025-07-17T01:40:25.893110Z,8,4.348,해양,여름밤에 해수욕장 특히 주말 밤은 해변에 정말 사람이 많은거 같음..,2025-07-17T01:40:25.893119Z
18,1,2025-07-17T01:40:31.418852Z,9,5.409,k-문화,밤에는 차없는 거리도 되고 토요일 밤 8시 10시 드론쇼도 있어서 사람들이 정말 많음.. 연인들이 오면 정말 좋은 장소인거 같음...,2025-07-17T01:40:31.418873Z
21,1,2025-07-17T01:40:50.921176Z,12,12.67,k-문화,오랜만에 방문한 부산 광안리 해수욕장 밤에는 드론 쇼를 해서 생각지 못했던 볼거리가 있어서 좋았어요 해운대를 주로 갔었는데 광안리가 맛집도 많고 볼거리도 많고 좋은거 같네요 ^^ 다음에 날씨 좀 더 선선해지면 방문해야겠어요 ,2025-07-17T01:40:50.921201Z
23,1,2025-07-17T01:40:57.336358Z,14,4.306,기타,재방문 의사 있어요👍🏻,2025-07-17T01:40:57.336368Z
24,1,2025-07-17T01:41:00.555925Z,15,3.085,기타,옛날에는 해운대가 좋았는데,2025-07-17T01:41:00.555946Z
26,1,2025-07-17T01:41:11.318488Z,17,9.148,기타,최근에는 해운대보다,2025-07-17T01:41:11.318504Z
27,1,2025-07-17T01:41:25.912100Z,18,14.452,미식,광안리가 볼거리도 많고 맛집도 많아 좋습니다!,2025-07-17T01:41:25.912114Z
29,1,2025-07-17T01:41:34.016960Z,20,2.926,기타,"특히,",2025-07-17T01:41:34.016970Z
30,1,2025-07-17T01:41:40.276136Z,21,6.129,k-문화,토요일 저녁8시와 10시에 드론쇼를 하는데요~,2025-07-17T01:41:40.276154Z
32,1,2025-07-17T01:41:46.172896Z,23,2.569,k-문화,광안대교의 조명과 요트의 불꽃놀이가,2025-07-17T01:41:46.172915Z
33,1,2025-07-17T01:41:50.775819Z,24,4.463,k-문화,어우러져 장관입니다!,2025-07-17T01:41:50.775837Z
34,1,2025-07-17T01:42:05.439108Z,25,14.521,해양,언제나 와도 아름다운 광안리. 광안리 바닷가 근처에 살았던 사람으로서 가장 좋아하는 부산 관광지 입니다. 부산에 꽤나 괜찮은 관광지가 많다고 생각하지만 그 중에서 광안리의 야경은 가장 아름답다고 생각합니다...,2025-07-17T01:42:05.439128Z
35,1,2025-07-17T01:42:07.860885Z,26,2.279,해양,제가 오늘 광안리에 처음왔는데요. 여름이라서 그런지 사람들이 해수욕장에 꽉차있네요. 내일도,2025-07-17T01:42:07.860910Z
36,1,2025-07-17T01:42:11.391508Z,27,3.392,해양,"엄청 붐빌것으로 예상되니까요, 이른시간에 시간나면 자리를 차지해 놓는것이 좋겠네요. 여름방학과 휴가때 부산여행 하고 싶다면 광안리 해수욕장 강추합니다! ! 중간에",2025-07-17T01:42:11.391531Z
37,1,2025-07-17T01:42:18.204036Z,28,6.683,미식,길가다가 들린 고기맛집까지! 💥,2025-07-17T01:42:18.204051Z
38,1,2025-07-17T01:42:24.734887Z,29,6.374,웰니스,"몸도 마음도 지쳐서 연차 쓰고 혼자 놀러 온 부산, 그냥 멍하니 광안리 바다만 보고 간다..",2025-07-17T01:42:24.734908Z
39,1,2025-07-17T01:42:26.739642Z,30,1.867,웰니스,마지막 날이 되었을 때 나도 모르게 눈물이 났다.,2025-07-17T01:42:26.739665Z
40,1,2025-07-17T01:42:30.970282Z,31,4.092,기타,"다시 오고 싶은 부산, 3박 4일 좋은 추억 남기고 갑니다. 감사합니다.",2025-07-17T01:42:30.970303Z
41,1,2025-07-17T01:42:45.965910Z,32,14.853,k-문화,"언제 봐도, 밤에도 낮에도 아름다운 광안리. 부산 사람의 자랑 중 하나입니다. 요즘은 드론쇼도 하고 광안대교의 야경도 더 아름다워졌으니 하루 일정 다 마치고 술한잔 하실 겸 오시는 것도 추천드립니다.",2025-07-17T01:42:45.965923Z
42,1,2025-07-17T01:42:47.521100Z,33,1.406,해양,광안리앞바다  항상 멋있지요,2025-07-17T01:42:47.521122Z
43,1,2025-07-17T01:42:49.620341Z,34,1.963,해양,흐린여름날 파도와 풍경 예술적 심미적아름다움 가득이에요,2025-07-17T01:42:49.620357Z
44,1,2025-07-17T01:42:50.998185Z,35,1.228,k-문화,광안리 드론쇼 드디어 봤네요! 너무 멋있었구요!,2025-07-17T01:42:50.998197Z
45,1,2025-07-17T01:43:04.272977Z,36,13.15,기타,켄트호텔 스카이라운지랑 객실에서 편하게 볼 수 있어서 만족스러웠어요!,2025-07-17T01:43:04.272993Z
46,1,2025-07-17T01:43:05.628894Z,37,1.211,k-문화,광안리오면 드론쇼는 꼭 보세요!,2025-07-17T01:43:05.628917Z
47,1,2025-07-17T01:43:07.521988Z,38,1.749,k-문화,"매주 토요일 오후 8시, 10시에 10분간 진행",2025-07-17T01:43:07.522010Z
48,1,2025-07-17T01:43:09.496129Z,39,1.845,해양,해운대 해수욕장과 용호상박,2025-07-17T01:43:09.496152Z
50,1,2025-07-17T01:43:16.625210Z,41,4.523,k-문화,광안대교라는 랜드마크와 함께,2025-07-17T01:43:16.625221Z
51,1,2025-07-17T01:43:18.372188Z,42,1.62,k-문화,젊은이들의 성지라 할수있다,2025-07-17T01:43:18.372210Z
53,1,2025-07-17T01:44:04.749290Z,44,6.076,기타,토욜은 타지 사람들이 더 많은듯,2025-07-17T01:44:04.749309Z
54,1,2025-07-17T01:44:08.828003Z,45,3.953,k-문화,젊은의 향연,2025-07-17T01:44:08.828025Z
56,1,2025-07-17T01:44:16.119885Z,47,5.08,기타,야경은 반칙,2025-07-17T01:44:16.119905Z
57,1,2025-07-17T01:44:20.118183Z,48,3.856,기타,어렸을 때는 해운대를 많이 왔었는데 각각 장단점이 있는 듯.,2025-07-17T01:44:20.118199Z
58,1,2025-07-17T01:44:22.640277Z,49,2.383,웰니스,지금은 저녁에 보는 광안과 오전오후에 보는 광안을 보는 재미도 있고 생각보다 사람구경과 물멍이 좋음.,2025-07-17T01:44:22.640293Z
59,1,2025-07-17T01:44:25.634131Z,50,2.836,미식,근처에 먹을곳이나 카페도 많고 젊은 사람도 많아서 좋움!,2025-07-17T01:44:25.634153Z
60,1,2025-07-17T01:44:28.527550Z,51,2.755,해양,푸른 바다와 시원하게 뻗은 광안대교의 조화가 아름답습니다. 낮에도 저녁에도 방문해 보세요.,2025-07-17T01:44:28.527567Z
61,1,2025-07-17T01:44:30.990492Z,52,2.315,미식,주변에는 맛있는 식당들이 많아 반나절정도 들길 수 있는 장소입니다.,2025-07-17T01:44:30.990508Z
62,1,2025-07-17T01:44:33.191980Z,53,2.067,k-문화,매주 토요일마다 드론쇼도 하고 대교에서 카운트다운도 하더라구요. 토요일에는 해운대보다 광안리가 더 메리트 있는듯,2025-07-17T01:44:33.191996Z
63,1,2025-07-17T01:44:35.285525Z,54,1.966,k-문화,2025.7.5 (토) ~ 8.31 (일) 광안리 케릭터존,2025-07-17T01:44:35.285544Z
64,1,2025-07-17T01:44:37.111610Z,55,1.681,기타,완전 귀여워요!!,2025-07-17T01:44:37.111629Z
65,1,2025-07-17T01:44:57.102818Z,56,19.861,k-문화,"부산에서 가장 경관이 아름다운 바다입니다. 광안대교, 마린시티, 남천동, 용호동 등 멋진 건축물들과 함께 뛰어난 주.야경을 자랑합니다.",2025-07-17T01:44:57.102832Z
67,1,2025-07-17T01:45:05.217553Z,58,5.788,웰니스,일출도 보면 정말 좋습니다.,2025-07-17T01:45:05.217563Z
68,1,2025-07-17T01:45:08.075337Z,59,2.711,해양,"해수욕장에서 술이 안돼서 아쉽지만, 오히려 깔끔한 것 같기도 합니다. 해수욕장 쪽으로 걸으면 한산하고 야경을 구경 할 수 있어서 좋았어요.",2025-07-17T01:45:08.075355Z
69,1,2025-07-17T01:45:10.262499Z,60,2.051,해양,"부산의 대표적인 해수욕장입니다. 24년 8월 기준으로 파라솔과 튜브 대여가격이 정찰제(가격 표시제)로 바뀌었네요! 가격도 튜브 3천원 정도로 합리적입니다. 물론 파라솔 구역이 아니면 직접 가져온 돗자리와 캠핑의자를 깔아도 괜찮습니다. 모래사장이 아주 길지만 폭이 넓은 편은 아니라 비치발리볼, 축구 등을 즐기려면 빈 공터를 잘 찾아야해요. 물은 여전히 들어가기 꺼려지는 색깔이지만, 막상 한번 들어가면 별 신경 안쓰입니다. (미역, 작은 쓰레기 가끔씩 나오지만 흐린 눈 하면 놀만합니다).",2025-07-17T01:45:10.262516Z
71,1,2025-07-17T01:45:16.599907Z,62,4.151,해양,"더 놀랐던 점은 샤워장이 무료입니다! 남녀샤워장 따로 크게 있고 주말 저녁 5시반 기준 줄 안 서고 아주 널널했습니다. 발만 씻는 곳도 크게 2개 있고, 졸졸 물 나오는 간이샤워대도 2개 있어서 의외로 쾌적하게 씻을 수 있었습니다. (간이샤워대는 약 10분 줄 섰음) 교통체증은 아주 심하니 수영역 정도로 아주 멀리에 대고 오세요.",2025-07-17T01:45:16.599919Z
72,1,2025-07-17T01:45:20.100573Z,63,3.368,기타,광안리의 아침 저녁 밤까지 다 담았습니다,2025-07-17T01:45:20.100594Z
73,1,2025-07-17T01:45:24.336799Z,64,4.106,기타,주말에는 사람과 차가 너무 많아 꼭 대중교통 타고오시는걸 추천드려요,2025-07-17T01:45:24.336814Z
74,1,2025-07-17T01:45:26.620521Z,65,2.172,미식,바다라인 음식점들은 모두 광안대교뷰여서 너무 이쁩니다,2025-07-17T01:45:26.620535Z
75,1,2025-07-17T01:45:28.558955Z,66,1.804,해양,바다 색도 동남아 뺨칠정도로 너무 이쁘네요,2025-07-17T01:45:28.558976Z
77,1,2025-07-17T01:45:32.768943Z,68,2.338,기타,주차장은 공영주차장이용하시면되는데 자리 꽉꽉차서 주차하기 겁나 힘들어요 주차할라면 계속 돌아다녀야할듯합니다 ㅠ,2025-07-17T01:45:32.768965Z
78,1,2025-07-17T01:45:34.361737Z,69,1.451,기타,몇년만에 들린것 같다.,2025-07-17T01:45:34.361761Z
79,1,2025-07-17T01:45:38.148538Z,70,3.661,해양,해안을 바라보는 의자와 파라솔이 광안대교의 야경을 더욱 깊고 오래 감상할 수 있게 해준다.,2025-07-17T01:45:38.148563Z
80,1,2025-07-17T01:45:40.524129Z,71,2.231,해양,국내에서 해수욕장하면 떠오르는 대표적인 곳중 하나. 저 멀리 보이는 광안대교의 경치와 야경은 여타의 해수욕장에 비할바가 아니다.,2025-07-17T01:45:40.524152Z
85,1,2025-07-17T01:45:56.722515Z,76,8.616,웰니스,"잔잔한 파도 소리와 시원한 바람을 느끼며 광안대교를 감상하다 보면, 마치 모든 걱정과 불안이 바람에 실려 멀리 사라지는 듯한 평온함을 느낄 수 있습니다. 광안대교의 웅장한 모습이 바다와 어우러져 마음을 편안하게 해주는 이곳은 진정한 힐링의 공간입니다.",2025-07-17T01:45:56.722534Z
86,1,2025-07-17T01:46:42.983525Z,77,46.122,해양,매일매일 하루중에도 시시각각으로 바다와 자연이 주는 색감과 느낌이 다릅니다. 그 건,2025-07-17T01:46:42.983540Z
87,1,2025-07-17T01:46:45.302480Z,78,2.186,기타,보는 사람의 마음때문일까요?,2025-07-17T01:46:45.302501Z
88,1,2025-07-17T01:46:47.705616Z,79,2.269,기타,바라보면 볼수록 아름답습니다.^^,2025-07-17T01:46:47.705639Z
89,1,2025-07-17T01:46:48.899649Z,80,1.067,k-문화,드론쇼는 오후 7시와 9시에 시작됩니다.,2025-07-17T01:46:48.899659Z
90,1,2025-07-17T01:46:50.626148Z,81,1.565,k-문화,이번주 주제는 '사파리'입니다.♡♡♡,2025-07-17T01:46:50.626176Z
91,1,2025-07-17T01:47:17.739667Z,82,26.962,기타,한동안 강원도의 삼척~속초의 코스밖에 안도라서,2025-07-17T01:47:17.739689Z
92,1,2025-07-17T01:47:21.011824Z,83,3.119,웰니스,난생 처음으로 해운대에 이어 여기서 힐링을!,2025-07-17T01:47:21.011840Z
93,1,2025-07-17T01:47:24.370023Z,84,3.217,기타,내가 제일 좋아하는 곳 💗 부산사람들에게 바다는 해운대보다 광안리다,2025-07-17T01:47:24.370037Z
94,1,2025-07-17T01:47:26.531073Z,85,2.021,기타,2025.01.10,2025-07-17T01:47:26.531087Z
96,1,2025-07-17T01:47:33.222028Z,87,5.12,기타,예전에 부산여행 갔을때 광안리 해수욕장에 갔었는데 그때 찍은거에요,2025-07-17T01:47:33.222048Z
97,1,2025-07-17T01:47:34.812442Z,88,1.453,기타,부산은 한번씩 갔었는데 갈때마다 좋아요,2025-07-17T01:47:34.812463Z
98,1,2025-07-17T01:47:37.059118Z,89,2.079,기타,광안리 해수욕장은 뭔가 시끌시끌하고 그런느낌이면,2025-07-17T01:47:37.059129Z
99,1,2025-07-17T01:47:38.869129Z,90,1.671,기타,해운대는 고즈넉한 느낌?,2025-07-17T01:47:38.869142Z
100,1,2025-07-17T01:47:45.412837Z,91,6.409,기타,무튼 광안리 해수욕장도 예쁘고 분위기가 좋았어오,2025-07-17T01:47:45.412854Z
101,1,2025-07-17T01:47:47.071833Z,92,1.514,k-문화,북극곰 드론축제로,2025-07-17T01:47:47.071853Z
102,1,2025-07-17T01:47:48.944104Z,93,1.735,기타,아름다운 광안리,2025-07-17T01:47:48.944123Z
103,1,2025-07-17T01:47:51.496095Z,94,2.394,기타,해수욕장~꼭  여행 떠나 보세요~,2025-07-17T01:47:51.496116Z
104,1,2025-07-17T01:47:55.236415Z,95,3.604,기타,늘 뭔가 정신없이 행사가 벌어지는 곳.,2025-07-17T01:47:55.236440Z
106,1,2025-07-17T01:48:06.871171Z,97,6.84,기타,청보리에 낚여서 방문했더니 축제 준비로 한창 공사 중. 심심할 틈이 없는 곳.,2025-07-17T01:48:06.871188Z
107,1,2025-07-17T01:48:08.587818Z,98,1.566,기타,1년만에 광안리해수욕장..,2025-07-17T01:48:08.587833Z
108,1,2025-07-17T01:48:09.808179Z,99,1.083,k-문화,드론 쇼가 있네요..,2025-07-17T01:48:09.808198Z
109,1,2025-07-17T01:48:13.249065Z,100,3.302,기타,아쉽게도 드론쇼 할시간에 식당에 있어서 잘 못봤네요.,2025-07-17T01:48:13.249087Z
110,1,2025-07-17T01:48:21.199185Z,101,7.805,기타,해운대 다음이라는 2등 콩라인 해수욕장.,2025-07-17T01:48:21.199201Z
111,1,2025-07-17T01:48:22.572296Z,102,1.228,기타,하지만 여기도 해운대 못지 않게 좋다.,2025-07-17T01:48:22.572317Z
112,1,2025-07-17T01:48:25.730074Z,103,3.012,기타,공영주차장이 부족한 것은 참으로 아쉬운 점.,2025-07-17T01:48:25.730093Z
113,1,2025-07-17T01:48:31.438432Z,104,5.553,기타,해운대해변을 보다가 보니 이곳은 좀 복잡하다는 느낌이 들었다.,2025-07-17T01:48:31.438444Z
114,1,2025-07-17T01:48:35.287786Z,105,3.705,해양,모래사장에 파라솔과 격자의자를 놔둔 것이 좀 특색이 있었는데 비수기라서 그렇겠지?,2025-07-17T01:48:35.287812Z
116,1,2025-07-17T01:48:45.576335Z,107,8.456,기타,전반적으로 해변이나 도로가 조용한 분위기는 아닌듯 했다.,2025-07-17T01:48:45.576352Z
117,1,2025-07-17T01:48:49.317731Z,108,3.593,기타,"예뻐요, 부산에서 젤 예쁜 해수욕장인거 인정",2025-07-17T01:48:49.317746Z
118,1,2025-07-17T01:48:52.706896Z,109,3.218,기타,광안대교가 진짜 정말 너무 예뻐서,2025-07-17T01:48:52.706909Z
119,1,2025-07-17T01:48:54.369937Z,110,1.526,기타,한번은 꼭 가서보길 추천드려요,2025-07-17T01:48:54.369958Z
120,1,2025-07-17T01:49:01.887654Z,111,7.364,기타,사람이 많아서 ..... 사람많은거 싫어하시는 분들이라면,2025-07-17T01:49:01.887671Z
121,1,2025-07-17T01:49:04.054321Z,112,2.023,기타,빨리보고 빨리 걍 오시길...ㅋㅋ,2025-07-17T01:49:04.054340Z
122,1,2025-07-17T01:49:07.433903Z,113,3.229,기타,저는 참고로 낮보다 저녁뷰가 더 예쁜거같기는 해요,2025-07-17T01:49:07.433920Z
123,1,2025-07-17T01:49:09.362239Z,114,1.796,기타,아침이랑!!!,2025-07-17T01:49:09.362251Z
124,1,2025-07-17T01:49:10.922043Z,115,1.42,기타,분위기좋은 이곳,2025-07-17T01:49:10.922069Z
125,1,2025-07-17T01:49:12.644560Z,116,1.584,웰니스,술깰겸 산책하기 좋다.,2025-07-17T01:49:12.644582Z
126,1,2025-07-17T01:49:14.244674Z,117,1.454,기타,낮보다 저녁시간 추천,2025-07-17T01:49:14.244688Z
127,1,2025-07-17T01:49:24.940868Z,118,10.522,기타,어방축제 준비 중이어서 혼잡의 극치. 경치를 보는 곳이라기 보다 노는 곳 느낌이 강했는데 다리 하나 생기고 경치도 좋아진 듯.,2025-07-17T01:49:24.940891Z
129,1,2025-07-17T01:49:29.304504Z,120,2.589,k-문화,주변 민락수변공원과 연계해서 한바퀴 돌아보면 재미 두배.,2025-07-17T01:49:29.304521Z
130,1,2025-07-17T01:49:35.973432Z,121,6.518,k-문화,평일 점심에 다녀왔습니다. 날씨가 좋아서 걷기 좋은 날이었습니다. 랜드마크인 광안대교도 잘 보이고 한가로이 시간을 보내기 좋았습니다. 주말저녁에는 드론쇼도 하니 방문시간을 잘 맞추면 좋습니다.,2025-07-17T01:49:35.973451Z
131,1,2025-07-17T01:49:42.434157Z,122,6.326,기타,광안대교가 잘 보이는 활기찬 광안리 해변입니다. 해운대 해변과는 다른 분위기인데 젊은 사람들이 해운대보다 많은것 같습니다.,2025-07-17T01:49:42.434172Z
132,1,2025-07-17T01:49:55.161377Z,123,12.58,웰니스,광안리 솔직히 멍 때리기도 너무 좋고 힐링할 때마다 오고 싶음 내가 사는 곳이 대구라서 사방이 산 밖에 안 보이는데 이렇게 넓게 뻥 뚤린 장소를 보는데 너무 힐링되네요 개인적으로 고층빌딩속 에서 생활하고 싶지만 가끔은 바다에서 멍 때리면서 힐링하고 싶네요!! 사람도 많지만 해수욕장이 엄청 넓어서 상관 없고 화장실도 크고 잘 되어 있어 좋네요 일출 볼때도 최고이고!! 산책하기도 좋고 근처에 맛 있는 집도 많아요 경치가 너무 이뻐서 감동감동 대구에도 이런 바다 좀 있었으면 좋겠네요,2025-07-17T01:49:55.161399Z
133,1,2025-07-17T01:49:56.904507Z,124,1.591,k-문화,버스킹도 많고 이곳에오면,2025-07-17T01:49:56.904520Z
134,1,2025-07-17T01:50:00.158068Z,125,3.109,기타,젊음이 느껴지고 기분이 덩달아,2025-07-17T01:50:00.158094Z
135,1,2025-07-17T01:50:01.718326Z,126,1.377,k-문화,좋아져요 드론쇼는 매주 토요일 8시 10시에,2025-07-17T01:50:01.718342Z
136,1,2025-07-17T01:50:03.859289Z,127,1.989,미식,10분간 하고 술집 카페 등,2025-07-17T01:50:03.859305Z
137,1,2025-07-17T01:50:06.899808Z,128,2.887,기타,볼거리가 가득한 곳이예요,2025-07-17T01:50:06.899826Z
139,1,2025-07-17T01:50:17.838583Z,130,9.371,기타,재방문했어요 광안리 뒷편이,2025-07-17T01:50:17.838596Z
140,1,2025-07-17T01:50:19.796144Z,131,1.829,미식,연남동처럼 아기자기한 술집이나,2025-07-17T01:50:19.796154Z
141,1,2025-07-17T01:50:21.594359Z,132,1.657,미식,식당이 많더라고요,2025-07-17T01:50:21.594383Z
143,1,2025-07-17T01:50:24.842815Z,134,1.599,기타,많이 변했어요,2025-07-17T01:50:24.842838Z
144,1,2025-07-17T01:50:27.762711Z,135,2.778,k-문화,제일 좋아하는 광안리. 바다도 예쁘고 시장 골목들도 사진 찍기 좋아요! 광안리 꼭 방문하세요.,2025-07-17T01:50:27.762734Z
145,1,2025-07-17T01:50:29.334657Z,136,1.425,k-문화,데이트 핫플 광안리해수욕장은,2025-07-17T01:50:29.334671Z
146,1,2025-07-17T01:50:31.625757Z,137,2.146,기타,일몰 후 야경을 담기에도 멋진 곳입니다.,2025-07-17T01:50:31.625770Z
147,1,2025-07-17T01:50:33.086208Z,138,1.309,k-문화,"불꽃축제 촬영을 갈까 고민하다,",2025-07-17T01:50:33.086224Z
148,1,2025-07-17T01:50:34.738818Z,139,1.471,기타,귀차니즘 때문에 중단하게 되었죠.,2025-07-17T01:50:34.738830Z
149,1,2025-07-17T01:50:37.689610Z,140,2.818,해양,"아침에 출발은 송도 케이블카 였는데,",2025-07-17T01:50:37.689624Z
150,1,2025-07-17T01:50:40.356093Z,141,2.519,기타,미세먼지가 심하여 드라이브를 즐기다,2025-07-17T01:50:40.356114Z
151,1,2025-07-17T01:50:43.303812Z,142,2.796,기타,오후에 광안리해수욕장을 방문하게 되었어요,2025-07-17T01:50:43.303831Z
152,1,2025-07-17T01:50:44.728040Z,143,1.279,기타,여느 해수욕장과 다를게 없지만,2025-07-17T01:50:44.728063Z
153,1,2025-07-17T01:50:49.007704Z,144,4.133,기타,광안대교 배경이 있다는게 독특하죠.,2025-07-17T01:50:49.007720Z
154,1,2025-07-17T01:50:52.272340Z,145,3.109,기타,일몰 후 러시아워 시간 맞춰 광안대교 뷰를 담으면,2025-07-17T01:50:52.272357Z
155,1,2025-07-17T01:50:53.658880Z,146,1.252,기타,끝판왕 입니다,2025-07-17T01:50:53.658902Z
156,1,2025-07-17T01:50:56.907130Z,147,3.103,기타,떠밀러온 해초류 제거작업이 한창이였던,2025-07-17T01:50:56.907147Z
157,1,2025-07-17T01:50:58.466072Z,148,1.408,기타,광안리해수욕장 이였어요.,2025-07-17T01:50:58.466094Z
158,1,2025-07-17T01:51:01.765270Z,149,3.143,k-문화,광안리 처음가봤는데 정말 좋았습니다! 운좋게 드론쇼도 보고 정말 기억에 많이 남을 장소가 되었습니다! 좋은 사람들과 함께 광안대교를 보며 추억 만드세요!,2025-07-17T01:51:01.765290Z
159,1,2025-07-17T01:51:13.196258Z,150,11.28,기타,광안리해수욕장은 해운대해수욕장과 더불어 부산을 대표하는 해변 중의 한 곳이다. 도심 속 해수욕장 주변은 다양한 카페와 맛집들이 즐비하고 바다 앞 관안대교 또한 볼거리다. 다만 일부 횟집이 관광객을 상대로 불편한 바가지 요금을 씌우는 것이다. 지금도 불꽃축제 기간에 바가지 요금으로 언론에 오르내린다. 그 것만 제외하면 더할나위 없는 도심속 해수욕장이다.,2025-07-17T01:51:13.196277Z
160,1,2025-07-17T01:51:18.648299Z,151,5.301,기타,근처에 다양한 볼거리와 놀거리가 있으나 주차공간이 부족하고 유료주차장들이 많아 차량을 끌고오면 부담이 큽니다,2025-07-17T01:51:18.648319Z
161,1,2025-07-17T01:51:20.503378Z,152,1.703,기타,보기 좋고 놀기 좋고...,2025-07-17T01:51:20.503396Z
162,1,2025-07-17T01:51:24.630386Z,153,3.983,기타,광안대교 야경도 좋고 주변 상권도 잘 발달됨.,2025-07-17T01:51:24.630406Z
163,1,2025-07-17T01:51:27.201002Z,154,2.383,기타,다만 폐수로 인한 악취가 좀 거슬리고 밤 늦도록 좀 소음이 있음.,2025-07-17T01:51:27.201022Z
164,1,2025-07-17T01:51:39.697633Z,155,12.35,기타,해도 뜨기 전에 하늘에 떠있는 달과 별이 주는 선물같은 시간과 단계적으로 변하는 일출을 감상하는 재미로 아침잠이 확 줄어드는 경험을 하고 있어요. 저를 아침형인간으로 만들어주는 광안리해수욕장~ 거실에서 여명이 예쁘게 밝아오는 것을 보면 후다닥 자켓 걸치고 바다로 달려가곤 해요. 2019년의 첫 해돋이도 멋졌답니다. 재래시장도 세군데나 있고 맛있는 빵집과 예쁜 카페도 많고 해변에서 시원한 맥주 마시며 사람구경하는 재미도 커서 지루할 틈이 없는...제가 매일 바다 보며 살고 있는 곳~ 광안리해수욕장이예요. 😊,2025-07-17T01:51:39.697654Z
165,1,2025-07-17T01:51:42.587706Z,156,2.74,기타,해운대가 호텔위주라면,2025-07-17T01:51:42.587723Z
166,1,2025-07-17T01:51:45.345056Z,157,2.599,미식,광안리는 카페와 음식점 위주로,2025-07-17T01:51:45.345083Z
167,1,2025-07-17T01:51:47.182371Z,158,1.684,기타,도로 뒤편이 조성되어 있어,2025-07-17T01:51:47.182398Z
168,1,2025-07-17T01:51:49.329071Z,159,1.994,기타,가족단위 보다는 젊은층이 많음,2025-07-17T01:51:49.329091Z
170,1,2025-07-17T01:51:52.780240Z,161,1.897,기타,해운대와 함께,2025-07-17T01:51:52.780261Z
171,1,2025-07-17T01:51:54.206436Z,162,1.273,해양,부산을 대표하는 해수욕장,2025-07-17T01:51:54.206458Z
173,1,2025-07-17T01:51:57.680515Z,164,1.833,해양,광안대교와 수변공원,2025-07-17T01:51:57.680539Z
174,1,2025-07-17T01:52:00.382535Z,165,2.516,미식,민락회센터가 있어,2025-07-17T01:52:00.382555Z
175,1,2025-07-17T01:52:02.244991Z,166,1.708,기타,낮에도 좋지만 밤에도,2025-07-17T01:52:02.245004Z
176,1,2025-07-17T01:52:03.933772Z,167,1.54,기타,광안대교 야경을 보면서,2025-07-17T01:52:03.933792Z
177,1,2025-07-17T01:52:05.987044Z,168,1.909,미식,식사를 할수 있다는 장점이 있음,2025-07-17T01:52:05.987067Z
179,1,2025-07-17T01:52:10.721452Z,170,2.498,기타,수질은 그다지 깨끗한편은 아니고,2025-07-17T01:52:10.721466Z
180,1,2025-07-17T01:52:12.890420Z,171,2.021,기타,파도는 해운대보다 약하지만,2025-07-17T01:52:12.890442Z
181,1,2025-07-17T01:52:14.445392Z,172,1.397,기타,수심도 얕지 않아,2025-07-17T01:52:14.445415Z
182,1,2025-07-17T01:52:16.188640Z,173,1.593,해양,수상레져는 몰라도,2025-07-17T01:52:16.188658Z
183,1,2025-07-17T01:52:17.924728Z,174,1.584,해양,물놀이하가 좋은편은 아닌듯...,2025-07-17T01:52:17.924757Z
185,1,2025-07-17T01:52:22.059037Z,176,2.352,기타,메인도로도 좁고,2025-07-17T01:52:22.059059Z
186,1,2025-07-17T01:52:50.972185Z,177,28.764,기타,주차는 아주 불편하며,2025-07-17T01:52:50.972207Z
187,1,2025-07-17T01:52:52.734587Z,178,1.613,기타,지하철에서 거리도 멀어,2025-07-17T01:52:52.734604Z
188,1,2025-07-17T01:52:53.920521Z,179,1.025,기타,접근성이 별로,2025-07-17T01:52:53.920537Z
190,1,2025-07-17T01:52:56.470115Z,181,1.071,기타,동남아와 비교한다면,2025-07-17T01:52:56.470134Z
191,1,2025-07-17T01:52:59.605956Z,182,2.988,기타,다낭느낌,2025-07-17T01:52:59.605969Z
192,1,2025-07-17T01:53:22.210845Z,183,22.422,해양,"광안대교를 바라볼 수 있는 해수욕장입니다. 바다 위에 다리를 건설하는 경우는 많으나, 이렇게 대놓고 해수욕장 정면에서 대교를 바라볼 수 있는 경우는 흔치 않습니다. 특히 밤에 부산 바다와 광안대교를 바라보면 하나의 예술작품을 보는 듯한 느낌까지 듭니다🥲 비록 대중교통으로 접근하기에는 다소 불편한 감이 있겠으나 불편함을 감수할 만큼 방문할 가치가 충분히 높기 때문에 방문을 추천드립니다! 더불어 시간이 맞는다면 드론쇼는 꼭 보시기 바랍니다👏진짜 ㅠㅠㅠ 감동입니다👏",2025-07-17T01:53:22.210863Z
193,1,2025-07-17T01:53:26.218104Z,184,3.851,기타,부산 관안리해변 너무 이뻐요! 부산 여행 오면 들리는 곳이예요!,2025-07-17T01:53:26.218115Z
194,1,2025-07-17T01:54:00.309033Z,185,33.931,기타,야간에 보는 광안리해수욕장을 더욱 빛나게 하는 광안대교! 해외 어디에 내놔도 뒤지지않는 야경!,2025-07-17T01:54:00.309050Z
195,1,2025-07-17T01:54:01.758125Z,186,1.267,기타,24.12.17,2025-07-17T01:54:01.758141Z
196,1,2025-07-17T01:54:04.155215Z,187,2.25,해양,날씨가 너무 좋은 12월의 겨울바다,2025-07-17T01:54:04.155233Z
197,1,2025-07-17T01:54:06.172991Z,188,1.831,기타,너무 벅차게 예쁜 곳. 2시간 순삭.,2025-07-17T01:54:06.173016Z
198,1,2025-07-17T01:54:10.413009Z,189,4.093,기타,그 와중에 지나가는 멋진 한국의 군인들.,2025-07-17T01:54:10.413023Z
199,1,2025-07-17T01:54:12.179993Z,190,1.617,기타,그리고 기념일인듯한 커플룩의 커플.,2025-07-17T01:54:12.180013Z
200,1,2025-07-17T01:54:15.312574Z,191,2.979,기타,친구들끼리 여행와서 머리위로 하트를 그리는 그들을 찍어주는 남자.,2025-07-17T01:54:15.312595Z
201,1,2025-07-17T01:54:18.033890Z,192,2.565,웰니스,강아지와 함께걷는 사람.,2025-07-17T01:54:18.033907Z
202,1,2025-07-17T01:54:19.942653Z,193,1.756,웰니스,그늘안에서 파도소리를 들으며 책을읽는 외국인.,2025-07-17T01:54:19.942672Z
203,1,2025-07-17T01:54:22.663239Z,194,2.577,기타,아기와 함께온 엄마 아빠.,2025-07-17T01:54:22.663251Z
206,1,2025-07-17T01:54:50.224974Z,197,24.966,미식,"Very good ambience, clean good food and drinks. Good time to spend if you have more than one hour to the flight departure.",2025-07-17T01:54:50.224994Z
207,1,2025-07-17T01:55:07.284405Z,198,16.859,미식,"Worthy and well maintained hotel. The food was awesome, special thanks to Nikhil from Room service who recommended me Mutton Roganjosh which was so good that I had to order it again. Thanks to HK Govind for the decoration of our room.",2025-07-17T01:55:07.284425Z
208,1,2025-07-17T01:55:34.133917Z,199,26.653,기타,"We had a business event here and were very happy with the prompt service we got from the staff. Special thanks to Indarbhadir, rajvansh, Akhilesh, Yogesh and Argjit they made sure we dint lack anything and our guests were very well caterered. Thankyou so much for a wonderful experience.",2025-07-17T01:55:34.133939Z
213,1,2025-07-17T01:55:53.562850Z,204,7.008,미식,몇년만에 들렀는데 마리나베이가 생긴 후로 맥주와 피싀앤침스를 즐길 수 있는 맥주펍에서 요트펍으로 바뀌었네요.,2025-07-17T01:55:53.562876Z
215,1,2025-07-17T01:56:00.989491Z,206,4.129,해양,야외 테이블이 즐비하던 공간은 요트선착장으로 바뀌었네요. 평일이었으나 금요일 저녁임에도 사람은 많지 않았고 8시 좀 넘으니 조금씩 많아 지더라고요.,2025-07-17T01:56:00.989516Z
217,1,2025-07-17T01:56:04.246624Z,208,2.06,기타,해운대 야경은 역시 멋지긴 합니다.,2025-07-17T01:56:04.246647Z
218,1,2025-07-17T01:56:05.722570Z,209,1.329,기타,날씨 좋을 때 방문하기 좋은 곳,2025-07-17T01:56:05.722583Z
220,1,2025-07-17T01:56:09.403286Z,211,2.05,해양,낮엔 요트 선착장 때문에 이용하는 사람만 있고,2025-07-17T01:56:09.403304Z
221,1,2025-07-17T01:56:12.720932Z,212,3.164,기타,밤엔 야경을 보려 오는 사람이 있다.,2025-07-17T01:56:12.720947Z
223,1,2025-07-17T01:56:16.786252Z,214,2.729,기타,개인적으로 미세먼지 없고 화창한 날씨에 방문하는게 가장 좋은거 같다.,2025-07-17T01:56:16.786268Z
224,1,2025-07-17T01:56:18.201715Z,215,1.26,해양,요트가 좋았다,2025-07-17T01:56:18.201734Z
225,1,2025-07-17T01:56:20.188451Z,216,1.836,해양,아무도 없어서 우리 셋 하고 선장과 보조 한 분만탔다,2025-07-17T01:56:20.188474Z
226,1,2025-07-17T01:56:23.529749Z,217,3.184,미식,2층 피자는 그닥인데,2025-07-17T01:56:23.529768Z
227,1,2025-07-17T01:56:25.240126Z,218,1.54,미식,1층 피쉬앤칩스 진짜 맛있음,2025-07-17T01:56:25.240152Z
228,1,2025-07-17T01:56:26.746576Z,219,1.347,해양,요트도 너무 좋음,2025-07-17T01:56:26.746598Z
229,1,2025-07-17T01:56:30.905297Z,220,3.986,k-문화,흡사 싱가폴이나 홍콩에 와있는 느낌을 받았을 정도로 정말 멋진 장소다. 야외테라스에서 멋진 야경을보며 지인들과 나누는 맥주는 최고의 선물이다. 해운대 근처의 보물같은 장소.,2025-07-17T01:56:30.905323Z
230,1,2025-07-17T01:56:34.901304Z,221,3.841,k-문화,6시에 탔는데 해지기 시작하니깐 추워지더라구요. 비치된 담요가 있긴한데 야간에 타시는분들은 따뜻하게 입으세요. 사진도 찍어주시고 인화서비스도 해주셔서 만족스러웠어요.,2025-07-17T01:56:34.901320Z
231,1,2025-07-17T01:57:01.712090Z,222,26.661,기타,야경이 예술이지만 낮에 가도 멋진 뷰를 자랑 합니다 ! 해운대 가면 한번은 들려보세요 비싸지만 괜찮은 식당들 많고 요트 타려면 어짜피 와야합니다 !,2025-07-17T01:57:01.712108Z
232,1,2025-07-17T01:57:03.347185Z,223,1.479,미식,맥주맛을느끼려면,2025-07-17T01:57:03.347208Z
233,1,2025-07-17T01:57:05.298923Z,224,1.79,미식,인근 맥주집으로,2025-07-17T01:57:05.298947Z
234,1,2025-07-17T01:57:09.636819Z,225,4.184,기타,마린시티를 느낄려면,2025-07-17T01:57:09.636839Z
235,1,2025-07-17T01:57:11.059597Z,226,1.278,기타,여기로,2025-07-17T01:57:11.059609Z
236,1,2025-07-17T01:57:12.536672Z,227,1.314,기타,밤에가서 야경을봤으면 더좋았겠지만,2025-07-17T01:57:12.536687Z
237,1,2025-07-17T01:57:13.802340Z,228,1.11,기타,낮에보는 풍경도 너무좋네요,2025-07-17T01:57:13.802365Z
238,1,2025-07-17T01:57:15.861405Z,229,1.904,미식,아이스크림은 맛은있지만 부드러운 젤라또느낌은 아니었어요,2025-07-17T01:57:15.861420Z
239,1,2025-07-17T01:57:17.814282Z,230,1.751,기타,바람도 시원하고 날씨도좋고 너무좋아요,2025-07-17T01:57:17.814305Z
240,1,2025-07-17T01:57:20.590582Z,231,2.619,미식,"부산사람이고 해운대거주자였지만, 한번씩 관광객처럼 여기에 앉아 맥주마시는거 좋아합니다. 한번씩 기분전환겸 여유롭게 굿",2025-07-17T01:57:20.590610Z
241,1,2025-07-17T01:57:23.237096Z,232,2.492,기타,22년 11월에 방문했습니다.,2025-07-17T01:57:23.237122Z
242,1,2025-07-17T01:57:25.043931Z,233,1.617,기타,밤에 가보는 것 만으로 너무나도 좋았습니다.,2025-07-17T01:57:25.043944Z
243,1,2025-07-17T01:57:26.730274Z,234,1.532,미식,맥주 한잔에 피쉬앤 칩스 한 조각,2025-07-17T01:57:26.730304Z
244,1,2025-07-17T01:57:28.910227Z,235,2.025,기타,바람 살살부는데 야경이 눈에 들어오니 너무 좋았습니다.,2025-07-17T01:57:28.910253Z
245,1,2025-07-17T01:57:31.091642Z,236,1.976,미식,안주값 조금 비싸다고 해도 전혀 아깝지 않았어요.,2025-07-17T01:57:31.091667Z
246,1,2025-07-17T01:58:39.224056Z,237,67.954,기타,부산에 와도 이번에 처음으로 더베이에 와봤는데 크기는 작았지만 정말 눈호강 제대로 하고갑니다. 좋은 사진도 많이 건진거같아요~,2025-07-17T01:58:39.224072Z
247,1,2025-07-17T01:59:36.577563Z,238,57.185,해양,부산 야경을 책임지는 The bay 101,2025-07-17T01:59:36.577576Z
249,1,2025-07-17T01:59:48.033418Z,240,5.547,해양,시원한 밤바다의 바람과 따뜻한 커피 한 잔의,2025-07-17T01:59:48.033437Z
250,1,2025-07-17T01:59:49.441819Z,241,4.814,기타,여유..,2025-07-17T02:09:20.322972Z
253,1,2025-07-17T02:10:22.115273Z,246,8.167,기타,곳곳이 사진찍을 곳으로 가득 가득..,2025-07-17T02:10:22.115285Z
255,1,2025-07-17T02:10:30.635203Z,248,6.07,기타,산책하기도 사진찍기도 뷰 감상도,2025-07-17T02:10:30.635225Z
256,1,2025-07-17T02:10:38.525615Z,249,7.726,기타,최고인 부산 야경 맛집입니다.,2025-07-17T02:10:38.525641Z
258,1,2025-07-17T02:11:48.047740Z,252,7.735,기타,음악선곡이 센스 터집니다. 음료 맥주 화장실  갖추었고 대부분 바깥쪽에 자리잡은 연인들이 아주 많습니다.,2025-07-17T02:11:48.047755Z
259,1,2025-07-17T02:13:20.112857Z,253,8.092,기타,사진 타임이 지나면 되돌아 오는 시간 한곳을 바라보는 연인들의 시선이 무언가를 다짐하는듯 아주 진지함이 사랑스럽습니다.,2025-07-17T02:13:20.112870Z
269,1,2025-07-17T02:15:13.590560Z,263,5.927,기타,✔️ 주차,2025-07-17T02:15:13.590584Z
262,1,2025-07-17T02:14:38.942481Z,264,3.148,기타,바로 앞에 주차 가능!!,2025-07-17T02:14:38.942496Z
263,1,2025-07-17T02:14:40.920453Z,265,1.818,,2시간 지원해 줍니다,2025-07-17T02:14:40.920471Z
265,1,2025-07-17T02:14:43.980614Z,267,1.785,,미리 예약하지 않으면 핫한 시간대는,2025-07-17T02:14:43.980633Z
266,1,2025-07-17T02:14:51.695679Z,269,2.155,,자리가 없숩네다 ㅎㅎ,2025-07-17T02:14:51.695696Z
268,1,2025-07-17T02:14:53.517124Z,271,0.966,,현장 예약 가능하긴 한데,2025-07-17T02:14:53.517146Z
270,1,2025-07-17T02:15:16.933155Z,272,3.187,기타,핫한 시간대는 거의 만석이고,2025-07-17T02:15:16.933178Z
271,1,2025-07-17T02:15:18.500803Z,273,1.363,기타,오전이나 약간 한가한 시간 때는,2025-07-17T02:15:18.500830Z
272,1,2025-07-17T02:15:20.050046Z,274,1.386,기타,현장에서 바로 가능한 거 같더라구용!!,2025-07-17T02:15:20.050064Z
274,1,2025-07-17T02:15:25.950262Z,276,2.223,기타,광안리에서 이색 체험도 가능하고,2025-07-17T02:15:25.950283Z
275,1,2025-07-17T02:15:29.297306Z,277,3.185,기타,여유롭게 뷰도 즐기고,2025-07-17T02:15:29.297323Z
276,1,2025-07-17T02:15:30.616302Z,278,1.123,기타,사진도 왕창 얻을 수 있는 기회 ㅎㅎ,2025-07-17T02:15:30.616319Z
278,1,2025-07-17T02:15:34.421261Z,280,2.497,기타,저는 가성비 너무 좋다고 생각했어요,2025-07-17T02:15:34.421276Z
279,1,2025-07-17T02:15:38.333265Z,281,3.742,해양,6pm 예약하니까 일부긴 하더라도 선셋도 볼 수 있고,2025-07-17T02:15:38.333287Z
281,1,2025-07-17T02:15:42.210331Z,283,1.629,해양,요트는 잘 되어있고 편안했고요,2025-07-17T02:15:42.210341Z
282,1,2025-07-17T02:15:43.805934Z,284,1.431,기타,한적하게 뷰 보면서  여유를 느낀 거 같네요,2025-07-17T02:15:43.805949Z
285,1,2025-07-17T02:16:09.090411Z,286,19.961,기타,요 정도 가격대에 이 정도 퀄리티 면,2025-07-17T02:16:09.090434Z
286,1,2025-07-17T02:16:12.187661Z,287,2.931,기타,저는 좋다고 생각됩니다 ㅎㅎ,2025-07-17T02:16:12.187688Z
288,1,2025-07-17T02:16:15.011084Z,289,1.474,기타,사진도 1장 얻을 수 있고요,2025-07-17T02:16:15.011104Z
289,1,2025-07-17T02:16:16.336642Z,290,1.162,기타,직원분들도 친절하셔서 👍👍,2025-07-17T02:16:16.336664Z
290,1,2025-07-17T02:16:22.432566Z,291,5.922,해양,뭐..입이 아프죠 여긴 ㅎ 음식맛따윈 중요치 않는 전망 외국같은 분위기,2025-07-17T02:16:22.432586Z
291,1,2025-07-17T02:16:25.854036Z,292,3.255,미식,다만 평일인에도 바뻐서 대구.감자튀김이 30분정도 걸린다는거 빼곤 정말만족,2025-07-17T02:16:25.854054Z
292,1,2025-07-17T02:16:27.991689Z,293,1.963,기타,데이트코스로는 완전강추이며 가족단위도 정말 여유스럽고 분위기 있게 보낼수 있는 곳,2025-07-17T02:16:27.991711Z
293,1,2025-07-17T02:16:29.737488Z,294,1.589,기타,부산해운대오시면 꼭 한번은 찾아가볼만한 곳!!,2025-07-17T02:16:29.737507Z
294,1,2025-07-17T02:16:30.961102Z,295,1.053,기타,고민하지마세요 여긴 ㅎ,2025-07-17T02:16:30.961124Z
295,1,2025-07-17T02:16:33.784529Z,296,2.655,기타,왜 유명한 장소인지 잘 모르겠다는 생각이 드는 곳입니다. 시간을 들여 찾아 오겠다는 생각은 들지 않았습니다.,2025-07-17T02:16:33.784553Z
296,1,2025-07-17T02:16:36.895930Z,297,2.937,미식,4코너의 음식점들도  환기들이 안 되는지,2025-07-17T02:16:36.895945Z
297,1,2025-07-17T02:16:38.363065Z,298,1.292,미식,음식냄새가 뒤섞여서 좀 불편했습니다.,2025-07-17T02:16:38.363090Z
299,1,2025-07-17T02:16:42.371914Z,300,1.742,미식,대도식당이 이곳에 진출했더군요.,2025-07-17T02:16:42.371936Z
300,1,2025-07-17T02:16:43.753907Z,301,1.196,기타,반가운  마음에 들어갔다가,2025-07-17T02:16:43.753923Z
301,1,2025-07-17T02:16:46.231493Z,302,2.305,미식,찐한 고기 냄새에 그냥 나오고 말았는데,2025-07-17T02:16:46.231507Z
302,1,2025-07-17T02:16:47.894822Z,303,1.49,기타,좀 아쉬웠어요.,2025-07-17T02:16:47.894846Z
304,1,2025-07-17T02:16:50.874451Z,305,1.515,미식,이 곳은 야외에서 간단한 주류와 안주!,2025-07-17T02:16:50.874472Z
305,1,2025-07-17T02:16:54.156901Z,306,3.118,해양,그리고 야경을 보는 맛으로 유지하고 있는 것 같다는  생각이 들었습니다.,2025-07-17T02:16:54.156918Z
306,1,2025-07-17T02:16:57.957103Z,307,3.634,해양,더베이 일몰과 매직아워 야경은 필수 해운대 코스일듯. 피쉬앤칩스 먹고  썬셋요트타니 좋앟음,2025-07-17T02:16:57.957118Z
307,1,2025-07-17T02:16:59.609957Z,308,1.485,기타,날씨가 흐렸지만 너무너무 좋았어요,2025-07-17T02:16:59.609976Z
311,1,2025-07-17T02:18:04.435560Z,312,53.078,기타,담엔 밤에도 타보고 싶어요,2025-07-17T02:18:04.435572Z
312,1,2025-07-17T02:18:06.020701Z,313,1.428,해양,야경은 말해 뭐해요.,2025-07-17T02:18:06.020712Z
313,1,2025-07-17T02:18:07.893616Z,314,1.689,기타,최고죠.,2025-07-17T02:18:07.893635Z
314,1,2025-07-17T02:18:10.617859Z,315,2.544,미식,대도식당 조식(7시~10시)도 최고입니다. 따따따봉!,2025-07-17T02:18:10.617877Z
315,1,2025-07-17T02:18:12.034455Z,316,1.244,미식,사실 특별한 맛은 없었습니다,2025-07-17T02:18:12.034476Z
316,1,2025-07-17T02:18:20.965302Z,317,8.746,미식,바다 보면서 술과 피쉬앤칩스를 먹는 재미가 있는 곳인 것 같은데 겨울에 방문하다보니 비닐벽을 만들어서 야경구경이 어려웠고 소오올직히 가격이 너무 비쌌어요,2025-07-17T02:18:20.965322Z
317,1,2025-07-17T02:18:23.509998Z,318,2.359,미식,맥주도 튀김도 전부 다요,2025-07-17T02:18:23.510022Z
318,1,2025-07-17T02:18:25.350783Z,319,1.671,기타,재방문은 없을 듯,2025-07-17T02:18:25.350801Z
319,1,2025-07-17T02:18:43.753303Z,320,18.225,해양,"피시앤칩스는 예전만큼 먹을만 하지는 않네요. 그러나 이곳만이 지닌 감성과 뷰, 요트, 바닷바람, 빌딩뷰, 조명들은 이곳에 쓰레기가 쌓여있데도 오지 않을까 합니다. 단연 최고이며, 대한민국에서 이런 곳은 없지 않나 합니다. 싱가폴이나 가야 즐길 수 있는 곳이라 생각되네요. 강추.",2025-07-17T02:18:43.753320Z
320,1,2025-07-17T02:18:45.200505Z,321,1.274,해양,야경이 이쁘고 분위기가 죽인다,2025-07-17T02:18:45.200523Z
321,1,2025-07-17T02:18:47.233697Z,322,1.852,미식,여기서 맥주랑 안주 간단히 시켜서 꼭 먹고 가세요 ~,2025-07-17T02:18:47.233723Z
322,1,2025-07-17T02:18:48.964378Z,323,1.552,해양,여유 있으면 요트 투어까지 완전 추천,2025-07-17T02:18:48.964394Z
323,1,2025-07-17T02:18:50.443219Z,324,1.302,해양,멋진 야경,2025-07-17T02:18:50.443237Z
325,1,2025-07-17T02:18:54.134429Z,326,2.213,기타,그 만한 가치가 있는 곳.,2025-07-17T02:18:54.134448Z
327,1,2025-07-17T02:18:57.645463Z,328,2.129,기타,"1층은 펍, 2층은 대도식당과 편집샵 3층은 루프탑.",2025-07-17T02:18:57.645485Z
329,1,2025-07-17T02:19:03.806922Z,330,4.94,기타,루프탑은 최근에 씨푸드 메뉴가 추가되면서 가격대가 전채적으로 올라간듯.,2025-07-17T02:19:03.806941Z
331,1,2025-07-17T02:19:11.102146Z,332,5.44,기타,가격이 최근에 많이 올랐다.,2025-07-17T02:19:11.102163Z
333,1,2025-07-17T02:19:15.675145Z,334,2.805,해양,그래도 야경은 정말 멋진 곳.,2025-07-17T02:19:15.675164Z
335,1,2025-07-17T02:19:19.968191Z,336,2.657,기타,웨스틴 조선 호텔에서 도보 5분 거리.,2025-07-17T02:19:19.968205Z
336,1,2025-07-17T02:19:23.145210Z,337,3.003,기타,"이제는 해운대의 마스코트, 상징물처럼 낮보다 빛나는 야경을 앞에두고 수많은 사람들이 찾는 명소가 되었다.",2025-07-17T02:19:23.145228Z
337,1,2025-07-17T02:19:26.645983Z,338,3.335,해양,앞의 벤치는 야경을 보기 충분하니 좋다.,2025-07-17T02:19:26.645998Z
338,1,2025-07-17T02:19:29.009698Z,339,2.188,미식,맥주한잔과 안주는 맛이 배가된다~,2025-07-17T02:19:29.009713Z
339,1,2025-07-17T02:19:32.411832Z,340,3.216,기타,날씨도  선선하니 여름휴가 분위기는 더욱더 물씬풍기는 멋진곳이다.,2025-07-17T02:19:32.411849Z
340,1,2025-07-17T02:19:35.368345Z,341,2.783,기타,"가족들과, 연인들과 행복하고 멋진시간을 보내시길.",2025-07-17T02:19:35.368368Z
341,1,2025-07-17T02:21:23.554864Z,342,107.997,기타,한시간동안 광안대교 다녀오는 코스 저렴하지만 짧은 코스 선내에서  물과 우비를 제공하는 것이 다이지만 가볼만함,2025-07-17T02:21:23.554878Z
342,1,2025-07-17T02:21:25.936672Z,343,2.19,해양,야경이 정말 예쁜 곳! 부산 여행을 한다면 한 번은 꼭 들려봐야 된다고 생각해요. 다만 더베이에 파는 감자튀김은 가격대비 맛은 기대하지 않는 게 좋습니다!,2025-07-17T02:21:25.936691Z
343,1,2025-07-17T02:21:27.586179Z,344,1.458,해양,정말 오랜만에 타본 요트였습니다.,2025-07-17T02:21:27.586202Z
344,1,2025-07-17T02:21:28.907270Z,345,1.123,해양,요트에서 보는 광안대교는 정말 멋있네요.,2025-07-17T02:21:28.907288Z
345,1,2025-07-17T02:21:32.279302Z,346,3.189,기타,바다에서 보는 아파트 뷰도 훌륭하구요.,2025-07-17T02:21:32.279322Z
346,1,2025-07-17T02:21:33.550135Z,347,1.091,해양,저렴하게 요트 이용했습니다.,2025-07-17T02:21:33.550150Z
347,1,2025-07-17T02:21:36.035462Z,348,2.297,기타,뷰좋고 분위기좋고 사람많고 여름 극성수기,2025-07-17T02:21:36.035483Z
349,1,2025-07-17T02:21:39.684321Z,350,2.431,기타,여름철 명불허전 해운대 핫플 상당히 재미있음.,2025-07-17T02:21:39.684342Z
351,1,2025-07-17T02:21:43.095991Z,352,2.231,기타,그렇다고 메뉴 가격대가 아주 비싼편도 아니고 적당.,2025-07-17T02:21:43.096019Z
353,1,2025-07-17T02:21:45.236017Z,354,1.129,기타,"다만 주차비가 대창렬 10분당 1,000원 아 ~ 즐기세오~",2025-07-17T02:21:45.236028Z
355,1,2025-07-17T02:21:47.674137Z,356,1.174,기타,외국인도 참 많음~,2025-07-17T02:21:47.674165Z
356,1,2025-07-17T02:21:49.961768Z,357,2.098,기타,네이버 영수증 리뷰 올렸는데 바로 삭제 되었네요...그런 기능 있는지 몰랐어요...,2025-07-17T02:21:49.961785Z
357,1,2025-07-17T02:21:51.511724Z,358,1.376,미식,팥빙수 베리빙수...,2025-07-17T02:21:51.511738Z
358,1,2025-07-17T02:21:53.114566Z,359,1.424,미식,재료에 찐 진심 빙수라고 써있어 주문했는데..,2025-07-17T02:21:53.114587Z
359,1,2025-07-17T02:21:56.498297Z,360,3.21,미식,사진과는 아주 달리 플라스틱 일회용기에 설탕에 절인 쪼글쪼글 딸기와 베리...,2025-07-17T02:21:56.498315Z
360,1,2025-07-17T02:21:57.974101Z,361,1.308,미식,너무 달아 과일과 팥은 반도 넘게 덜어내고 먹어야해요..,2025-07-17T02:21:57.974116Z
361,1,2025-07-17T02:21:59.445725Z,362,1.297,기타,불친절은 기본..,2025-07-17T02:21:59.445745Z
362,1,2025-07-17T02:22:01.002363Z,363,1.348,기타,딱딱하고 불편한 의자..,2025-07-17T02:22:01.002381Z
363,1,2025-07-17T02:22:02.636457Z,364,1.46,해양,바다가 안보이는 바다뷰...,2025-07-17T02:22:02.636481Z
364,1,2025-07-17T02:22:05.341562Z,365,2.508,미식,해운대 앞 카페 가신다면,2025-07-17T02:22:05.341575Z
365,1,2025-07-17T02:22:06.703005Z,366,1.178,기타,여기는 거르세요...,2025-07-17T02:22:06.703023Z
366,1,2025-07-17T02:22:08.036024Z,367,1.14,기타,여름에 사람 엄청많은거 같아요,2025-07-17T02:22:08.036053Z
367,1,2025-07-17T02:22:09.443319Z,368,1.198,미식,맥주 마시기에는 괜찮은 곳입니다,2025-07-17T02:22:09.443334Z
368,1,2025-07-17T02:22:11.191831Z,369,1.573,해양,앞에 바다도 보이고 유람선도 보이고,2025-07-17T02:22:11.191852Z
369,1,2025-07-17T02:22:12.699996Z,370,1.321,미식,다양한 먹거리가 있으니 한번가보세요,2025-07-17T02:22:12.700015Z
370,1,2025-07-17T02:22:14.015817Z,371,1.126,미식,여유롭게 맥주 마시고 싶으신분 가세용,2025-07-17T02:22:14.015838Z
372,1,2025-07-17T02:22:18.922104Z,373,2.86,기타,I think there are a lot of people in the summer.,2025-07-17T02:22:18.922118Z
373,1,2025-07-17T02:22:20.879974Z,374,1.767,미식,It's a good place to drink beer.,2025-07-17T02:22:20.879994Z
374,1,2025-07-17T02:22:22.661747Z,375,1.608,해양,"You see the ocean in front of you, you see the cruise ship.",2025-07-17T02:22:22.661758Z
375,1,2025-07-17T02:22:27.637226Z,376,4.805,미식,"There's a variety of things to eat, so try it.",2025-07-17T02:22:27.637239Z
376,1,2025-07-17T02:22:30.142377Z,377,2.315,미식,"Let's go, if you want some beer.",2025-07-17T02:22:30.142391Z
377,1,2025-07-17T02:22:32.295324Z,378,1.965,해양,부산의 야경을 즐기며,2025-07-17T02:22:32.295343Z
378,1,2025-07-17T02:22:33.576800Z,379,1.092,해양,바다 바람 맞으면서,2025-07-17T02:22:33.576817Z
379,1,2025-07-17T02:22:34.919651Z,380,1.164,미식,간단히 맥주한잔하기 좋은 공간입니다.,2025-07-17T02:22:34.919667Z
381,1,2025-07-17T02:22:37.664867Z,382,1.18,기타,"웨스틴 조선 호텔 앞,",2025-07-17T02:22:37.664888Z
382,1,2025-07-17T02:22:44.432001Z,383,6.577,기타,동백섬 입구에 위치하고 있습니다.,2025-07-17T02:22:44.432018Z
383,1,2025-07-17T02:23:18.296179Z,384,33.685,해양,더베이101은 분위기 너무 좋아요.. 날씨가 비오고 흐렸는데도 일몰시간에 하늘이 너무 이뻤어요. 의자와 테이블도 많아서 의자에 앉아서 커피나 맥주 한잔하면서 시간 보내기에 너무 좋습니다. 해지기 전에 가서 자리잡으세요! 일몰시간에 사람 엄청 몰립니다,2025-07-17T02:23:18.296189Z
384,1,2025-07-17T02:23:20.882128Z,385,2.401,기타,거의 좌석에서 음식섭취는 뷰값이네요.,2025-07-17T02:23:20.882154Z
385,1,2025-07-17T02:23:22.942761Z,386,1.867,미식,피쉬는 맛있고 치킨이랑 감자튀김은 평범해요~ 그래도 사진 잘나오고 관광객으로 한번쯤 가보기 좋아요~,2025-07-17T02:23:22.942779Z
386,1,2025-07-17T02:23:25.761217Z,387,2.625,기타,여름에 최악임!!! 안에 식당도 그렇고 1층에 야외도 그렇고 드럽게 습하고 더워요. 음식 피쉬앤칩스... 진짜 뷰하나 믿고 장사하는듯.. 음식도 그저그렇고 뷰 아니면 그돈주고 사먹을 음식도 아님. 사람도 엄청 많음. 굳이 추천하고 싶지 않아요!!!,2025-07-17T02:23:25.761240Z
387,1,2025-07-17T02:23:26.986793Z,388,1.028,해양,더베이에 오니 요트투어도 있고,2025-07-17T02:23:26.986813Z
388,1,2025-07-17T02:23:28.471420Z,389,1.293,미식,커피숍 레스토랑도 있고,2025-07-17T02:23:28.471445Z
389,1,2025-07-17T02:23:30.602964Z,390,1.928,기타,밤에 와야 더 좋아요,2025-07-17T02:23:30.602983Z
390,1,2025-07-17T02:23:32.292714Z,391,1.454,기타,기념품샵도 2층에 있어요,2025-07-17T02:23:32.292733Z
391,1,2025-07-17T02:23:45.266862Z,392,12.784,기타,맛은 맛있긴 한데 가격이 터무니없이 비싸요. 예약을 하지 않으면 못먹을 수도 있네요. 그나마 야경 괜찮은데 갔더니 커플이 옆에와서 사진 찍고 난리남.. ㅡ.ㅡ 상해에서 보던 야경 생각하고 갔더니 실망이 이만저만이 아니네요. 옆자리하고도 너무 가까워서 시끄러워요. 가볍게 맥주 한잔 하기엔 괜찮을거 같아요. 근데 맥주도 비싸요!,2025-07-17T02:23:45.266882Z
392,1,2025-07-17T02:23:46.712184Z,393,1.253,해양,야경때문에 더 유명한 곳. 밤코스로 좋아요,2025-07-17T02:23:46.712205Z
393,1,2025-07-17T02:23:51.966990Z,394,5.062,미식,다행이 겨울이라 사람이 많이 없었는데 여름엔 치맥 손님으로 북적북적~~ 겨울엔 멸치우동메뉴가 있어요^^,2025-07-17T02:23:51.967005Z
394,1,2025-07-17T02:23:53.666864Z,395,1.501,미식,1층 카페 다녀 왔어욤 ~,2025-07-17T02:23:53.666878Z
396,1,2025-07-17T02:23:57.959004Z,397,1.779,미식,마린시티뷰 좋은데 야외에서 마실수 있어서 좋구요,2025-07-17T02:23:57.959028Z
398,1,2025-07-17T02:24:00.560456Z,399,1.431,미식,케잌과 커피도 맛있어요,2025-07-17T02:24:00.560477Z
399,1,2025-07-17T02:24:04.014845Z,400,3.243,미식,오후 3시반 경 뷰. 저녁에 와야 예쁘다. 밤에 오세요. 농어와 감자튀김 먹음. 농어는 큰 덩어리로 4개 정도.,2025-07-17T02:24:04.014861Z
400,1,2025-07-17T02:24:18.878030Z,401,14.685,기타,사람들에게는 뷰 좋은 카페 겸 펍으로 알려져 있지만 사실 더베이101은 요트클럽입니다. 해운대구가 해운대를 사계절 해양레저 관광지로 만들겠다며 추진한 해양레저특구사업중 하나인 동백섬 해양레저기지사업이 시초라고 할 수 있습니다. 그래서 더베이101의 로고도 요트- 오픈 초기부터 코로나 이전까지만 해도 요트 투어 등 각종 해양레저활동을 체험 할 수 있었고 요트 판매나 전시도 겸했던 공간이지요. 추후 운촌항 거점형 마리나 항만 조성 사업으로 요트 계류장 규모가 확대될 예정이라고 합니다.,2025-07-17T02:24:18.878051Z
402,1,2025-07-17T02:24:35.773918Z,403,14.819,해양,"​최근 요트체험이나 해양레저활동은 코로나 때문인지 다른 이유에서인지 주춤하는듯 보이네요. 요즘 광안대교를 돌고 광안대교 아래에서 불꽃놀이를 하는 요트투어가 아주 핫한데 대부분 수영 요트경기장에서 출발하는 코스입니다. 요트계류장이나 해양레저기지로는 큰 힘을 아직 발휘하지 못하는 더베이 101, 남은건 식음료 사업뿐-",2025-07-17T02:24:35.773940Z
404,1,2025-07-17T02:24:45.658207Z,405,8.31,기타,​오픈 초기에는 워낙 럭셔리한 밤문화(?)로 유명세를 타서 부산사람 보다는 관광객 비중이 월등히 높았던 곳입니다. 사실 그 당시만 해도 가고 싶어도 사람이 너무 많아서 가지도 못했어요. 게다가 터무니없이 비싸다는 인식이 있어서…,2025-07-17T02:24:45.658224Z
406,1,2025-07-17T02:24:52.891627Z,407,5.95,기타,"​그렇게 수 년간 해운대 산책을 하다가, 동백섬 한바퀴 돌다가, 마린시티 카멜리아 오뜨점 옵스 빵을 사러 왔다가 괜히 한바퀴 빙 둘러보고 가는 식으로 스쳐지나만 갔던 더베이101. 과거 잘나가던때에 비해 요즘은 사람도 덜붐비는것 같고 날도 선선한게 야외에서 커피 한잔 마시면 참 좋을것 같아 동백섬 산책 나온김에 자리를 잡아 봤습니다.",2025-07-17T02:24:52.891642Z
408,1,2025-07-17T02:25:09.654870Z,409,15.166,기타,"​더베이 101 메인건물은 총 2층+옥상 테라스로 구성되어 있는데 1층에는 피쉬앤칩스와 맥주를 파는 핑거스앤챗, 커피와 아이스크림을 파는 카페사이드와 작은 빵집으로 구성되어 있습니다. 2층은 대도식당이 있고 현재는 공사중인 미지의 식당(아마도 이탈리안 레스토랑이 생길것 같은 느낌), 그리고 각종 라이프스타일 잡화를 파는 동백잡화점이 있구요, 옥상 테라스는 현재 오픈하지 않고 있네요.",2025-07-17T02:25:09.654887Z
410,1,2025-07-17T02:25:15.850781Z,411,4.053,기타,"​메인은 낮=카페, 밤=핑거스앤챗 입니다.",2025-07-17T02:25:15.850797Z
411,1,2025-07-17T02:25:17.917017Z,412,1.877,기타,역시나 f&b매장이 좀 부족한 느낌-,2025-07-17T02:25:17.917041Z
412,1,2025-07-17T02:25:19.648390Z,413,1.505,미식,커피 한잔 혹은 맥주 한잠 하며 쉬어가기에는 아주 좋습니다.,2025-07-17T02:25:19.648408Z
414,1,2025-07-17T02:25:23.060625Z,415,1.521,기타,주차는 바로 옆 동백공원공영주차장이 더 나은것 같아요,2025-07-17T02:25:23.060640Z
415,1,2025-07-17T02:25:28.078741Z,416,4.796,해양,요트투어 추천 드립니다.,2025-07-17T02:25:28.078760Z
416,1,2025-07-17T02:25:34.905221Z,417,6.638,해양,짧을 수도 있지만 한시간 동안 부산 앞바다에서 바다를 즐길 수 있습니다.,2025-07-17T02:25:34.905236Z
417,1,2025-07-17T02:25:38.052273Z,418,2.948,기타,잠시 정차하고 단체 사진도 찍어주시고 설명도 친절하게 해주십니다.,2025-07-17T02:25:38.052295Z
418,1,2025-07-17T02:25:39.376419Z,419,1.124,해양,야경이 이쁩니다.,2025-07-17T02:25:39.376436Z
419,1,2025-07-17T02:25:41.297274Z,420,1.725,미식,피쉬엔 칩스가격은 사악하고.,2025-07-17T02:25:41.297300Z
420,1,2025-07-17T02:25:42.927329Z,421,1.44,미식,그냥 아이스크림이나 커피사서 야외앉는거 추천합니다,2025-07-17T02:25:42.927348Z
421,1,2025-07-17T02:25:53.486238Z,422,10.366,기타,부산에서 밤에 드라이브하고 저녁에 들리기 좋은곳 같아요! 야경 분위기 최고! 주차비가 1시간에 6천원인데 안에서 맥주한잔 정도마셔도 주차비는 안받더라고요! 가볍게 가족과 다녀올만합니다!,2025-07-17T02:25:53.486260Z
422,1,2025-07-17T02:25:55.009090Z,423,1.324,해양,마린시티의 노을을 바라보며,2025-07-17T02:25:55.009111Z
423,1,2025-07-17T02:25:56.754202Z,424,1.546,미식,마시는 한잔의 생맥주와 피쉬앤칩!,2025-07-17T02:25:56.754222Z
424,1,2025-07-17T02:25:58.748404Z,425,1.804,기타,환상적인 분위기입니다.,2025-07-17T02:25:58.748427Z
425,1,2025-07-17T02:26:02.564170Z,426,3.612,기타,동백섬도 바로 붙어 있어,2025-07-17T02:26:02.564189Z
426,1,2025-07-17T02:26:04.594808Z,427,1.824,웰니스,마시고 가볍게 산책하기도 좋고,2025-07-17T02:26:04.594838Z
427,1,2025-07-17T02:26:06.963598Z,428,2.179,해양,해운대에서 수영도 좋아요.,2025-07-17T02:26:06.963615Z
429,1,2025-07-17T02:26:11.908666Z,430,3.161,해양,티파니21 유람선에서  바라보는 더베이101  야경도 환상적입니다.,2025-07-17T02:26:11.908686Z
432,1,2025-07-17T02:26:49.996235Z,433,35.551,기타,A grand place for exhibitions and conferences. Very well connected and has spacious halls and audiovisual facilities.. there are coffee shops in the center itself although we had them in our congress didn’t have the need for those. Very easy to reach via both Bus and Subway.,2025-07-17T02:26:49.996253Z
433,1,2025-07-17T02:27:27.662140Z,434,20.543,기타,I think space layout can be improved. BEXCO itself is at an excellent location very close to two metro stations and quite a few prime shopping centers and hotels.,2025-07-17T02:27:27.662155Z
434,1,2025-07-17T02:27:46.424829Z,435,18.601,기타,Elegant center with lots of halls for multiple lectures exhibition center was also large enough to hold multiple guests,2025-07-17T02:27:46.424846Z
435,1,2025-07-17T02:27:49.447045Z,436,2.86,기타,"we easily seated and parked 3,000 people in one of its halls",2025-07-17T02:27:49.447063Z
436,1,2025-07-17T02:27:55.594934Z,437,5.994,k-문화,huge with a decent sound system,2025-07-17T02:27:55.594951Z
437,1,2025-07-17T02:30:06.548998Z,438,130.799,기타,"bit older and some of the halls made me think of a more communist-era large & empty structures, purpose-built to hold zillions of people rather than for comfort",2025-07-17T02:30:06.549011Z
438,1,2025-07-17T02:30:16.899564Z,439,10.203,기타,"building 1 is the original bexco, while building 2 is the newer one",2025-07-17T02:30:16.899580Z
439,1,2025-07-17T02:30:29.552843Z,440,12.492,기타,"remember, those are not interlinked and you need to know which one you are going to to tell your taxi driver!",2025-07-17T02:30:29.552863Z
440,1,2025-07-17T02:30:32.160053Z,441,2.454,기타,부산의 대표 컨벤션센터.,2025-07-17T02:30:32.160070Z
442,1,2025-07-17T02:30:36.778543Z,443,2.991,기타,설날에 찾아간 탓에 건물 전체가 휴관중이라 사람의 흔적도 없이 썰렁했다.,2025-07-17T02:30:36.778562Z
443,1,2025-07-17T02:30:41.126181Z,444,4.197,기타,건물의 외형만 보면 규모도 크고 세련된 느낌도 들었지만 내부는 그냥 기능적인 공간으로만 지어진 탓에 큰 색다름은 없었음.,2025-07-17T02:30:41.126200Z
445,1,2025-07-17T02:30:44.672669Z,446,2.219,기타,큰 박람회가 있을 때 다시 한번 방문해 보고 싶은 곳.,2025-07-17T02:30:44.672685Z
446,1,2025-07-17T02:30:46.610221Z,447,1.781,기타,부산 아트페어 좋네요^^,2025-07-17T02:30:46.610263Z
447,1,2025-07-17T02:30:49.471728Z,448,2.696,기타,입점 갤러리가 많아서 여러 작가님들의 작품을 실제로 볼수 있는 기회가 있어서 좋았어요~,2025-07-17T02:30:49.471750Z
448,1,2025-07-17T02:30:53.571939Z,449,3.932,기타,"모터쇼, 지스타, 인체의신비 등 글로벌로도 국내에서도 가장 유명한 전시 컨벤션업을 담당하는 곳입니다. 규모가 크고 다양한 전시가 있어 한 번씩 들리는 곳입니다.",2025-07-17T02:30:53.571954Z
449,1,2025-07-17T02:30:55.179548Z,450,1.445,기타,국제식품대전에 매년 참석했어요,2025-07-17T02:30:55.179568Z
450,1,2025-07-17T02:30:57.033303Z,451,1.689,기타,카트를 가져와서 살때마다 끌고 다니니,2025-07-17T02:30:57.033327Z
451,1,2025-07-17T02:30:58.356884Z,452,1.166,기타,편했어요 안그러면 봉지를 가득,2025-07-17T02:30:58.356896Z
452,1,2025-07-17T02:30:59.871802Z,453,1.352,기타,들고다니니 힘들어요,2025-07-17T02:30:59.871816Z
453,1,2025-07-17T02:31:00.908630Z,454,0.885,기타,주차도 편하고  푸드트럭도 많고,2025-07-17T02:31:00.908647Z
454,1,2025-07-17T02:31:04.093254Z,455,3.027,,시식도 많이 하고 볼거리가 많았어요,2025-07-17T02:31:04.093270Z
456,1,2025-07-17T02:31:08.604895Z,457,3.035,미식,세계맥주축제로 재방문 했어요,2025-07-17T02:31:08.604920Z
457,1,2025-07-17T02:31:12.045028Z,458,3.278,기타,옛날같은 화려함은없었지만 미래자동차들에  내부적인환경에놀랐습니다  실용적이면서심플하고  욍향도좋았습니다수소자동차가상용화된다면 ᆢ기대합니다,2025-07-17T02:31:12.045050Z
458,1,2025-07-17T02:31:13.447492Z,459,1.254,기타,주차장들어갈려면 신호대기가 오래 걸려.,2025-07-17T02:31:13.447507Z
459,1,2025-07-17T02:31:14.645796Z,460,1.024,기타,주차장의 차량간격은 너무 좁고 주차비도 너무 비싸.,2025-07-17T02:31:14.645823Z
460,1,2025-07-17T02:31:16.329871Z,461,1.482,기타,그리고 흡연장소의 위치가 주차장으로 가는길 바로 옆에 있어서 냄새지옥을 늘 겪어야하는것이 정말 싫어.,2025-07-17T02:31:16.329888Z
461,1,2025-07-17T02:31:17.967082Z,462,1.485,기타,전시내용도 늘 뭔가 모르게 부실하고 아무튼 개선이 많이 필요해.,2025-07-17T02:31:17.967095Z
462,1,2025-07-17T02:31:21.008383Z,463,2.883,e스포츠,11월 중순이면 매년하는 gstar 우리식구의 최고관광코스입니다. 올해도 알찼습니다.,2025-07-17T02:31:21.008394Z
463,1,2025-07-17T02:31:22.767079Z,464,1.594,e스포츠,이곳은 11월 수능때가 되면 게임의 성지로 바뀝니다,2025-07-17T02:31:22.767099Z
464,1,2025-07-17T02:31:24.022210Z,465,1.086,e스포츠,다양한 게임 행사와 경품은 기본이고,2025-07-17T02:31:24.022257Z
465,1,2025-07-17T02:31:25.066165Z,466,0.877,e스포츠,코스플레이 한 사람은 물론 잘하면 연예인도 볼 수 있죠!,2025-07-17T02:31:25.066181Z
466,1,2025-07-17T02:31:26.254864Z,467,1.031,e스포츠,게임 좋아하시면 강력 추천드립니다!,2025-07-17T02:31:26.254892Z
467,1,2025-07-17T02:31:28.555556Z,468,2.131,기타,입장권은 15000원이에요,2025-07-17T02:31:28.555577Z
468,1,2025-07-17T02:31:30.105911Z,469,1.386,기타,개인적으로는 대한민국 최고 컨벤션센터.,2025-07-17T02:31:30.105934Z
470,1,2025-07-17T02:31:34.422752Z,471,1.911,기타,전시회장도 좋지만 주변의 식당 등 편의시설 모두가 잘 갖춰져서 좋아요.,2025-07-17T02:31:34.422767Z
471,1,2025-07-17T02:31:35.857986Z,472,1.279,기타,부산건축인테리어 전시회에 다녀왔습니다.,2025-07-17T02:31:35.858001Z
472,1,2025-07-17T02:31:37.309809Z,473,1.288,기타,ВАМА2025,2025-07-17T02:31:37.309841Z
473,1,2025-07-17T02:31:38.459150Z,474,0.941,기타,APR 3-6,2025-07-17T02:31:38.459169Z
474,1,2025-07-17T02:31:41.686426Z,475,3.061,기타,14th BUSAN ANNUAL MARKET OF ART,2025-07-17T02:31:41.686447Z
475,1,2025-07-17T02:31:43.909093Z,476,2.029,기타,2025 부산국제화랑아트페어,2025-07-17T02:31:43.909108Z
476,1,2025-07-17T02:31:44.996969Z,477,0.925,기타,"BEXCO Hall1,2",2025-07-17T02:31:44.996993Z
477,1,2025-07-17T02:31:46.740603Z,478,1.577,기타,지하철이 가깝긴한데 구조가 다소 의아하게 되어있지만 뭐 벡스코만 따지면 크고 잘 되어있습니다,2025-07-17T02:31:46.740627Z
478,1,2025-07-17T02:31:48.654013Z,479,1.705,기타,넓고 깔끔하고 시설 참 좋습니다.,2025-07-17T02:31:48.654035Z
479,1,2025-07-17T02:31:51.143586Z,480,2.321,기타,1층에 카페가 있어서 좋습니다.,2025-07-17T02:31:51.143603Z
480,1,2025-07-17T02:31:54.056664Z,481,2.747,기타,"지라철역에서 걸어가는 길이 너무 예뻐요, 광장도 너무 좋습니다.",2025-07-17T02:31:54.056684Z
481,1,2025-07-17T02:31:56.309956Z,482,2.082,기타,"최근 모터쇼를 다녀오면서 오래간만에 벡스코를 방문. 어래전 빙문했을때와 큰 차이는 없었지만 관람, 건물 환경이 여전히 괜찮았고 크게 불편한 점이 없었다.",2025-07-17T02:31:56.309976Z
482,1,2025-07-17T02:31:59.399779Z,483,2.929,기타,부산의 대표적인 전시시설이다. 넓게 자리잡고 있어 대규모 전시나 학회행사에 적합하다. 그러나 다른 기반시설이 가까이에 많이 없어서 조금 불편한 점이 있다.,2025-07-17T02:31:59.399792Z
483,1,2025-07-17T02:32:00.637106Z,484,1.064,기타,벡스코,2025-07-17T02:32:00.637123Z
485,1,2025-07-17T02:32:03.307826Z,486,1.392,기타,"부산광역시 해운대구 우동 센텀시티에 있는 전시, 컨벤션 행사를 전문적으로 할 수 있는 시설. Busan EXhibition & COnvention center의 약자이며, 건립 초기에는 이를 풀어쓴 부산 전시 컨벤션 센터가 공식명칭으로 쓰인 적도 있다. 규모가 매우 큰 편이지만, KINTEX의 절반 수준이다. 1, 2전시장 합쳐서 46,000㎡ 정도 되는데, 킨텍스는 10만㎡를 넘는다. 하지만 COEX보다는 규모가 크고, 일반 전시장 외에 오디토리움, 누리마루 APEC 하우스 등 다양한 종류의 컨벤션 및 회의 시설등을 보유, 운영하고 있다. 주주는 부산광역시(42.5%), 대한무역투자진흥공사(26.0%), 현대건설(주) 등 현대그룹 관계회사들의 컨소시엄(31.5%)으로 구성되어 있으며 부산 기장군에 소재한 아시아드 컨트리클럽, 부산시티투어버스를 운영하는 아시아드CC와 함께 두 곳의 부산의 제3섹터 회사 중 하나이다.",2025-07-17T02:32:03.307843Z
487,1,2025-07-17T02:32:06.279911Z,488,1.439,기타,"2001년 5월에 준공되어 9월에 부산국제모터쇼 개최와 함께 개장하였다. 동년 12월 1일 2002 한일 월드컵 본선 조 추첨을 이곳에서 했다. 부산에서 열리는 각종 박람회·전시회·국제회의는 거의 이곳에서 열린다. 예식장도 부설되어 있다. 지하에는 신발가게, 편의점, 패스트푸드점, 식당 등이 입점했는데 유일하게 존재했던 맥도날드는 2014년 9월 30일까지만 영업 후 폐점되어 지금은 이용할 수 없다. 맥도날드의 빈 자리를 롯데리아가 입점해서 채웠으나 얼마 전에 폐업되고 그 빈 자리에 GS25 편의점이 지하 식당가에 입점했다가 코로나 여파로 폐업되었다.굳이 롯데리아에 가고 싶으면 인근 홈플러스 센텀시티점 매장을 이용하면 된다.",2025-07-17T02:32:06.279931Z
489,1,2025-07-17T02:32:11.690976Z,490,3.634,기타,제 1전시장과 제 2전시장 사이의 구름다리에는 무빙워크가 설치되어있다.,2025-07-17T02:32:11.690998Z
491,1,2025-07-17T02:32:13.916271Z,492,1.142,기타,여담,2025-07-17T02:32:13.916290Z
492,1,2025-07-17T02:32:15.528845Z,493,1.443,기타,"벡스코가 처음 개장하고 첫 전시를 시작했던 2001년 9월부터 2호선이 개통하기 전까지 이 일대 도로는 헬게이트가 열렸었다. 그 당시 2호선이 광안역~장산역 구간은 공사중이었고 광안대교도 그 당시에는 공사중이라서 그 당시 해운대로 가는 방법 중 대중교통은 시내버스 밖에 없었고, 도로 교통은 수영1호교, 수영2호교 그리고 안락동에서 넘어오는 방법 밖에 없었다. 이로 인해 주말에는 벡스코를 찾는 관람객이 한꺼번에 몰리는 바람에 재송동, 광안리, 송정 일대 도로가 마비되어 어쩔 수 없이 사람들은 수 km를 걸어서 이동했었다. 어느 정도였냐면, 길이 막혀서 하도 차가 안움직이니 사람들이 다 내려서 버스는 텅텅 비어있고, 어떤 기사는 걸어가는 사람들 중간에 쉬다 가라고 문 열어놓은 채로 있기도 했을 정도",2025-07-17T02:32:15.528860Z
493,1,2025-07-17T02:32:17.982722Z,494,2.285,기타,텅텅빈 센텀시티 부지 흙먼지가 쌓인 공터에 차를 대고 한참을 걸었던 기억이 난다,2025-07-17T02:32:17.982744Z
494,1,2025-07-17T02:32:19.334302Z,495,1.18,기타,이젠 상전벽해가 된다는 말이 실감날 정도다,2025-07-17T02:32:19.334319Z
495,1,2025-07-17T02:32:20.974757Z,496,1.47,기타,부산 최대규모의 전시장. 캠핑용품 전시회가 있어서 다녀왔어요.  근처에 요트장과 해운대도 있으니 함께 관광하기 좋은거 같아요.,2025-07-17T02:32:20.974775Z
496,1,2025-07-17T02:32:23.481957Z,497,2.335,기타,"카페쇼열려서 갓다. 화장실이 너무 더러워서 일단 놀람. 카페쇼는 딱 1시간정도 소요되는듯. 그래도 카페, 베이커리와 관련된 정보들을 얻을수있어서 좋앗으나 종류는 좀작다",2025-07-17T02:32:23.481974Z
497,1,2025-07-17T02:32:37.173875Z,498,13.515,기타,센텀시티에 중앙에 있고 주변 편의시설과 숙박시설이 많아서 좋습니다,2025-07-17T02:32:37.173900Z
498,1,2025-07-17T02:32:39.496446Z,499,2.15,기타,수년만에 열리는 부산모터쇼...,2025-07-17T02:32:39.496458Z
499,1,2025-07-17T02:32:41.787444Z,500,2.076,기타,"자동차산업의 미래를 보여주는듯, 전기차가 많은 비중을차지, 좀 어수선한 분위기지만 볼거리, 즐길거리가 다양!!",2025-07-17T02:32:41.787461Z
500,1,2025-07-17T02:32:43.683006Z,501,1.718,기타,부산을 대표하는 복합문화 전시공간,2025-07-17T02:32:43.683026Z
502,1,2025-07-17T02:32:48.173941Z,503,1.591,기타,규모자체도 크고,2025-07-17T02:32:48.173963Z
503,1,2025-07-17T02:32:49.779045Z,504,1.395,기타,매주 다양한 전시와 행사가 열려서,2025-07-17T02:32:49.779060Z
504,1,2025-07-17T02:32:51.013861Z,505,1.061,기타,항상 볼거리와 즐길거리가 있음,2025-07-17T02:32:51.013885Z
506,1,2025-07-17T02:32:53.814710Z,507,1.216,기타,입구 광장도 넓어 시원한 느낌이며,2025-07-17T02:32:53.814731Z
507,1,2025-07-17T02:32:57.784855Z,508,3.795,웰니스,걷거나 운동하는 사람도 많음,2025-07-17T02:32:57.784878Z
509,1,2025-07-17T02:33:01.289935Z,510,1.661,기타,대중교통 접근성도 좋고,2025-07-17T02:33:01.289954Z
510,1,2025-07-17T02:33:02.418425Z,511,0.941,기타,주차시설도 잘되어 있는편,2025-07-17T02:33:02.418445Z
512,1,2025-07-17T02:33:06.142031Z,513,2.383,기타,바로 옆에 백화점과 대형마트와,2025-07-17T02:33:06.142052Z
513,1,2025-07-17T02:33:09.028780Z,514,2.714,기타,호텔 공원 의료시설들이 있고,2025-07-17T02:33:09.028799Z
514,1,2025-07-17T02:33:10.781959Z,515,1.51,해양,해운대 광안리도 인근이라,2025-07-17T02:33:10.781979Z
515,1,2025-07-17T02:33:12.240357Z,516,1.287,기타,벡스코 왔다가,2025-07-17T02:33:12.240372Z
516,1,2025-07-17T02:33:15.173064Z,517,2.755,기타,연계해서 관광이나 쇼핑하기도 좋음,2025-07-17T02:33:15.173079Z
517,1,2025-07-17T02:33:24.255364Z,518,8.856,기타,"수도권을 제외한 지방 전시관중 최대를 자랑하는 곳. 특히 부산국제철도기술산업전을 개최해서 철도산업 관련종사자들은 2년마다 꼭 찾아오는 곳. 각종 편의시설도 잘되어있고, 교통도 나쁘지않음. 단 부산이므로 웬만하면 대중교통을 이용하길 추천함.",2025-07-17T02:33:24.255382Z
518,1,2025-07-17T02:33:28.334020Z,519,3.897,기타,많은업체참여와 일거리 볼거리 즐길거리 무료포토부스 면접헤어 메이크업 취업컨설팅,2025-07-17T02:33:28.334037Z
519,1,2025-07-17T02:33:30.932060Z,520,2.422,기타,그리고 선착순 500명에게 면접지원금2만원지급이 커피1잔 무료쿠폰까지 무척인상깊었습니다!,2025-07-17T02:33:30.932077Z
520,1,2025-07-17T02:33:33.540620Z,521,2.418,기타,3년째 MC로 오고있는 벡스코 드론쇼 코리아,2025-07-17T02:33:33.540637Z
521,1,2025-07-17T02:33:35.482682Z,522,1.762,기타,매년 더 성잗사는 모습이 보여 내년은 더 기대되는 특별한 전시회. 부산 PCO PMO 화이팅 벡스코 화이팅,2025-07-17T02:33:35.482701Z
522,1,2025-07-17T02:33:38.267252Z,523,2.617,기타,오즈 오버더레인보우 여자초등 애들 너무 좋아해요♡,2025-07-17T02:33:38.267271Z
523,1,2025-07-17T02:33:40.376250Z,524,1.924,기타,사진 색감이 너무 좋아 예쁘게 나오고 직원들도 친절하게 안내해주고 사진도 잘 찍어줘요.,2025-07-17T02:33:40.376266Z
524,1,2025-07-17T02:33:42.758098Z,525,2.155,기타,연인들 데이트도 많이 오더라구요. 여자친구들 사진 너무 잘 나올듯.,2025-07-17T02:33:42.758118Z
525,1,2025-07-17T02:33:44.231917Z,526,1.294,기타,가족  나들이겸 좋을듯. 의자들도 널찍이 배치해서 좋았어요.,2025-07-17T02:33:44.231938Z
526,1,2025-07-17T02:33:46.764895Z,527,2.351,웰니스,가족 나들이 추천요^^,2025-07-17T02:33:46.764916Z
527,1,2025-07-17T02:33:53.742287Z,528,6.794,기타,벡스코 카페박람회 가려고 갔는데 날짜가 아니더라구요....근데 지은지 오래됐어도 역시 벡스코는 벡스코네요 하나도 안바꼈는데 세련되어보여요 그리고 안에 스타벅스는 5시까지 하니까 참고하세요!,2025-07-17T02:33:53.742311Z
528,1,2025-07-17T02:33:55.414541Z,529,1.495,기타,부산코믹월드 갔습니다ㅡ,2025-07-17T02:33:55.414554Z
529,1,2025-07-17T02:33:57.020891Z,530,1.433,기타,주차는 편리합니다.,2025-07-17T02:33:57.020908Z
530,1,2025-07-17T02:33:58.890858Z,531,1.686,기타,다저녀카드 주차할인됩니다.,2025-07-17T02:33:58.890881Z
531,1,2025-07-17T02:34:00.978647Z,532,1.907,미식,먹거리가 편의점 한곳뿐입니다.,2025-07-17T02:34:00.978668Z
532,1,2025-07-17T02:34:03.559318Z,533,2.398,기타,행사가  시시하고 기다림이 길었습니다ㅡ 춥고 배고프고 졸리고...,2025-07-17T02:34:03.559338Z
533,1,2025-07-17T02:34:07.594397Z,534,3.857,기타,전시는 상업적 목적뿐이고 아이들 주머니를 털어갔습니다.,2025-07-17T02:34:07.594411Z
534,1,2025-07-17T02:34:09.031503Z,535,1.255,기타,각종 전시회 및 행사가 열리는,2025-07-17T02:34:09.031523Z
535,1,2025-07-17T02:34:10.287798Z,536,1.074,,부산의 대표적인 컨벤션 센터입니다.,2025-07-17T02:34:10.287814Z
538,1,2025-07-17T02:34:19.746825Z,539,3.862,기타,주차요금이 발생합니다.,2025-07-17T02:34:19.746841Z
540,1,2025-07-17T02:34:23.671084Z,541,1.308,기타,1~2전시장과의 거리가 꽤 있으니,2025-07-17T02:34:23.671101Z
541,1,2025-07-17T02:34:24.817496Z,542,0.964,기타,행사의 정확한 전시장을 확인할 필요가 있습니다.,2025-07-17T02:34:24.817518Z
543,1,2025-07-17T02:34:26.970024Z,544,0.907,기타,주차 비용을 절감하고 싶다면,2025-07-17T02:34:26.970040Z
544,1,2025-07-17T02:34:28.203359Z,545,1.057,기타,인근 백화점에 주차하는 것도 팁입니다.,2025-07-17T02:34:28.203374Z
545,1,2025-07-17T02:34:29.498742Z,546,1.123,기타,모터쇼 보러 간만에 갔습니다,2025-07-17T02:34:29.498756Z
546,1,2025-07-17T02:34:30.606873Z,547,0.928,기타,코로나 때문에 참여 업체는 적었지만,2025-07-17T02:34:30.606897Z
547,1,2025-07-17T02:34:31.772113Z,548,0.978,기타,덕분에 내부는 생각보다 쾌적하네요,2025-07-17T02:34:31.772133Z
548,1,2025-07-17T02:34:32.926873Z,549,0.981,기타,다만 시설관리는 조금 더 신경 쓰셔야할듯,2025-07-17T02:34:32.926894Z
549,1,2025-07-17T02:34:37.254759Z,550,4.147,기타,오랫만에 전시회 다녀왔습니다ㆍ넓은 공간이 참 좋았습니다ㆍ미술 작가들의 오랜동안 노력한 부분들이 많은 전시 참가들로 인하여 제대로 알려지지 않아 억울한 점이 있을 것 같았습니다ㆍ갤러나 작가를 소개할 책자 등을 제대로 만들면 독자들이 시간을 두고 작품이나 작가를 이해하는데 도움이 될거라 생각이 듭니다ㆍ감사합니다,2025-07-17T02:34:37.254775Z
550,1,2025-07-17T02:34:40.942475Z,551,3.503,기타,"코베베이비페어 다녀왔어요! 벡스코야 뭐 시설이나 규모나 말할거 없이 잘돼있구요, 박람회도 입점 업체가 다양하고 할인,혜택이 많은데다 직접 설명듣고 구매할수있어서 좋았네요.",2025-07-17T02:34:40.942495Z
551,1,2025-07-17T02:34:42.778293Z,552,1.649,기타,단점으론 주차가 유료라는거!,2025-07-17T02:34:42.778315Z
552,1,2025-07-17T02:34:44.325993Z,553,1.364,기타,2022 부산 국제 모터쇼를 관람하기 위해 방문.,2025-07-17T02:34:44.326019Z
553,1,2025-07-17T02:35:12.012568Z,554,27.495,기타,7.14~24일까지 진행되지만 매일 많은 인파로 인해 내부의 혼잡함을 빗음.,2025-07-17T02:35:12.012592Z
554,1,2025-07-17T02:35:17.282161Z,555,5.087,기타,카페에 설치된 의자는 턱없이 부족하고 가격이 매우 높음.. 아메리카노 5000원부터 시작함.,2025-07-17T02:35:17.282177Z
555,1,2025-07-17T02:35:18.601217Z,556,1.136,기타,또한 재입장이 불가함.,2025-07-17T02:35:18.601232Z
556,1,2025-07-17T02:35:21.068464Z,557,2.28,미식,그러나 벡스코 바로 앞 도로에 10대 이상의 푸드 트럭이 음식을 판매하여 식사 후 입장 가능.,2025-07-17T02:35:21.068487Z
557,1,2025-07-17T02:35:22.707323Z,558,1.408,기타,"현대, 기아 뿐만 아니라 클래식 카(구버전), 슈퍼카  등 다양한 차량들이 눈길을 사로잡음",2025-07-17T02:35:22.707346Z
558,1,2025-07-17T02:35:24.182195Z,559,1.287,기타,"폭스바겐 드라이빙 익스피어리언스 행사를 위해 찾은 부산 벡스코 몇해 전 부산 모터쇼 이후 첫 방문입니다. 좋은 시간이었고, 좋은 경험을 했던 멋진 공간이었습니다.",2025-07-17T02:35:24.182220Z
559,1,2025-07-17T02:35:25.203893Z,560,0.831,기타,전시 및 공연을 보기 좋습니다.,2025-07-17T02:35:25.203913Z
560,1,2025-07-17T02:35:26.508115Z,561,1.114,기타,주차장이 넓고 편해요.,2025-07-17T02:35:26.508134Z
561,1,2025-07-17T02:35:28.519104Z,562,1.833,기타,카페쇼 다녀왔습니다. 시음으로 커피 원없이 마셔봤네요 빵도 종류가 많고요 커피창업하시는분들 위해서 기계종류도 많이 전시되어 있었습니다,2025-07-17T02:35:28.519118Z
562,1,2025-07-17T02:35:31.454435Z,563,2.721,미식,17호 울산상회갔고 9층 오륙도로 이동함 4인먹음 아나고와 전어 새우 낙지 먹음  생선은 7만원대 상차림은 일인당 6천원,2025-07-17T02:35:31.454451Z
563,1,2025-07-17T02:35:32.774729Z,564,1.122,기타,벡스코 전시회에 전시되었던 차들...,2025-07-17T02:35:32.774744Z
565,1,2025-07-17T02:35:47.326401Z,566,9.486,기타,전시회 공간이 넓어서 다리는 조금 아프지만,2025-07-17T02:35:47.326422Z
566,1,2025-07-17T02:35:51.407068Z,567,3.885,기타,재미있는 경험이었답니다.,2025-07-17T02:35:51.407089Z
567,1,2025-07-17T02:35:56.832961Z,568,5.197,기타,국제어린이도서전. 메인에 다산어린이 부스~♡,2025-07-17T02:35:56.832976Z
568,1,2025-07-17T02:36:00.088558Z,569,3.066,웰니스,지하1층에 오픈한 상상 피트니스 센터,2025-07-17T02:36:00.088570Z
570,1,2025-07-17T02:36:05.667512Z,571,3.873,웰니스,운동하는 회원님들이 더 좋은 환경에서 운동하도록,2025-07-17T02:36:05.667535Z
572,1,2025-07-17T02:36:18.607436Z,573,10.94,기타,공기 환경 분위기가 만들어지도록 애쓰신 곳이라고 느껴집니다,2025-07-17T02:36:18.607456Z
574,1,2025-07-17T02:36:23.659523Z,575,1.71,기타,지금 행사중인 것 같아요^^,2025-07-17T02:36:23.659550Z
576,1,2025-07-17T02:36:26.974926Z,577,1.954,기타,직원분들도 친절하셔서 좋네요~,2025-07-17T02:36:26.974947Z
577,1,2025-07-17T02:36:29.080806Z,578,1.91,기타,규모는 맘에 드는데 편의시설 면이 약간 불편하네요 그리고 주차 시 처음 방문해도 쉽게 찾을 수 있겠끔 네온싸인 등으로 유도해 주었으면 더 좋겠어요^^,2025-07-17T02:36:29.080827Z
578,1,2025-07-17T02:36:30.551958Z,579,1.269,기타,한국에서 손꼽히는 명품 전시장.,2025-07-17T02:36:30.551982Z
579,1,2025-07-17T02:36:31.881727Z,580,1.129,기타,나날이 멋져지고 깔끔해진다.,2025-07-17T02:36:31.881749Z
580,1,2025-07-17T02:36:34.095529Z,581,2.017,기타,주변에 다양한 식당도 있어서 전시회에는 최적의 장소이다.,2025-07-17T02:36:34.095551Z
581,1,2025-07-17T02:36:35.916924Z,582,1.631,기타,군사 산업용으로 몰리긴 했지만 시대의 흐름이라 생각됩니다.,2025-07-17T02:36:35.916941Z
582,1,2025-07-17T02:36:37.827652Z,583,1.721,기타,구경 잘 하고 갑니다,2025-07-17T02:36:37.827663Z
583,1,2025-07-17T02:36:39.652817Z,584,1.632,기타,미스터  트롯 콘서트 ~~,2025-07-17T02:36:39.652858Z
584,1,2025-07-17T02:36:41.293180Z,585,1.452,기타,멋쪘어요~,2025-07-17T02:36:41.293203Z
585,1,2025-07-17T02:36:44.852417Z,586,3.329,k-문화,트롯맨들의 열정  최고♥,2025-07-17T02:36:44.852434Z
586,1,2025-07-17T02:36:46.066891Z,587,1.017,k-문화,#이찬원 가수님♥,2025-07-17T02:36:46.066915Z
587,1,2025-07-17T02:36:47.433594Z,588,1.164,k-문화,흥폭발  짱짱짱!!!,2025-07-17T02:36:47.433618Z
588,1,2025-07-17T02:36:48.639634Z,589,1.014,k-문화,콘서트장  질서유지  환경좋아요,2025-07-17T02:36:48.639648Z
589,1,2025-07-17T02:36:55.719119Z,590,6.851,기타,부산 지역의 다양한 행사를 하는 참좋은곳임 올리는 사진은 9월에 열렸던 2019 경향하우징페어 등의 행사 사진임,2025-07-17T02:36:55.719138Z
590,1,2025-07-17T02:36:59.889644Z,591,3.985,e스포츠,지스타때 방문을 했다 당일은 금요일이여서 사람이 적었지만 다음날인 토요일은 사람들에게 떠밀려다렸다고해도 과언이 아닐정도로 복잡했다,2025-07-17T02:36:59.889661Z
591,1,2025-07-17T02:37:04.693357Z,592,4.611,기타,그리고 만약에 굿즈등을 살것이라면 제일 첫날에 가서 구입하는것을 추천한다.,2025-07-17T02:37:04.693376Z
592,1,2025-07-17T02:37:06.359380Z,593,1.475,기타,필자는 둘째날에 갔지만 원하는것의 50프로 정도는 구입하지 못했다,2025-07-17T02:37:06.359406Z
593,1,2025-07-17T02:37:15.307146Z,594,8.748,e스포츠,G-STAR 왔습니다.,2025-07-17T02:37:15.307162Z
594,1,2025-07-17T02:37:19.563832Z,595,4.063,기타,2관은 1관에 비해 작고 덥습니다.,2025-07-17T02:37:19.563855Z
595,1,2025-07-17T02:37:24.174076Z,596,4.418,기타,일몰때 1전시관 앞에서 사진을 찍으면 직광 역광으로 사진 찍기 매우 안좋습니다.,2025-07-17T02:37:24.174096Z
596,1,2025-07-17T02:37:25.754515Z,597,1.339,기타,UP뮤지컬웨딩 사전리허설 및 W웨딩홀 사전점검~~,2025-07-17T02:37:25.754533Z
597,1,2025-07-17T02:37:27.549263Z,598,1.593,기타,이쁘게 준비해 웨딩날 뵙겠습니다.~~ 상상 그 이상의 결혼식 유피뮤지컬웨딩,2025-07-17T02:37:27.549278Z
598,1,2025-07-17T02:37:29.255189Z,599,1.505,기타,다양한 행사를 하기에 편리합니다. 공간이 넓고 쾌적하며 항상 청결합니다.,2025-07-17T02:37:29.255211Z
599,1,2025-07-17T02:37:31.092454Z,600,1.644,기타,부산의 전시장으로 제2의 서울과 같이 외국인들도 오고 다양한 행사가 개최되어 나들이 하기 좋은 곳~ 부산에서 드론을 날리다.,2025-07-17T02:37:31.092475Z
600,1,2025-07-17T02:37:33.529537Z,601,2.244,기타,벡스코 리빙페어 박람회갔다왔네요~~건축에 관심있거나 인테리어등등~~~벡스코에서 행사하누 박람회는 볼거리가 많아서 좋아요,2025-07-17T02:37:33.529563Z
601,1,2025-07-17T02:37:39.767755Z,602,6.037,기타,부산컨벤션센터,2025-07-17T02:37:39.767773Z
602,1,2025-07-17T02:37:41.563488Z,603,1.596,기타,다양한 볼거리 제공,2025-07-17T02:37:41.563508Z
603,1,2025-07-17T02:37:47.649220Z,604,5.839,기타,목적에 맞는 행사시 참여 추천.,2025-07-17T02:37:47.649242Z
604,1,2025-07-17T02:37:49.356690Z,605,1.502,기타,다만 서울에 비해 작은 규모,2025-07-17T02:37:49.356705Z
605,1,2025-07-17T02:38:21.583647Z,606,32.03,기타,다양한 행사와 전시가 열립니다. 어떤 행사를 진행하는지 미리 검색해보고 방문하세요.,2025-07-17T02:38:21.583658Z
606,1,2025-07-17T02:38:22.840343Z,607,1.058,기타,각종 행사가많은곳,2025-07-17T02:38:22.840360Z
607,1,2025-07-17T02:38:24.648897Z,608,1.606,기타,그런데 주차장 출구가 1군데이고 좁아서 행사후에 차량 출차시 난장판이됭,2025-07-17T02:38:24.648918Z
608,1,2025-07-17T02:38:26.567500Z,609,1.707,기타,사전 결제 하는곳을 만들어서 요금소 입구에서 정체되는게 없도록했으면 좋을거같음,2025-07-17T02:38:26.567526Z
609,1,2025-07-17T02:39:00.256718Z,610,33.486,미식,쾌적하고 좋네요. 벡스코역에서는 이정표 따라 도보로 10분 정도 이고 센텀시티역에서는 5분정도 소요됩니다.,2025-07-17T02:39:00.256733Z
610,1,2025-07-17T02:39:02.594543Z,611,2.125,기타,컨벤션홀에서 열린 최태성 선생님의 강연에 참석 했습니다,2025-07-17T02:39:02.594560Z
611,1,2025-07-17T02:39:03.820445Z,612,2.996,기타,아주 멋진 강연에 아주행복한 날이었네요,2025-07-17T02:39:08.632754Z
612,1,2025-07-17T02:39:14.913905Z,613,1.528,기타,주차편리하고 전시회규모도 커서 좋아요,2025-07-17T02:39:14.913927Z
613,1,2025-07-17T02:39:17.524912Z,614,2.417,기타,"2020 수산엑스포 다녀옴. 거리두기 수칙을 다 지킬만큼 꼼꼼히는 아니었지만 참여할 거리도 있긴 했음. 작년에 비해 외국 기업이나 음식, 문화등을 느끼긴 어려웠지만 필리핀이나 방글라데시 등의 부스도 있었음. 주로 스마트 양식에 관련해서 볼 수 있었음. 참여가능한 이벤트에는 많이 참여하세욤",2025-07-17T02:39:17.524922Z
614,1,2025-07-17T02:39:19.101309Z,615,1.376,기타,매주 다양한 전시물을 볼수 있는곳.,2025-07-17T02:39:19.101324Z
615,1,2025-07-17T02:39:20.933912Z,616,1.622,기타,2021. 7. 17에는,2025-07-17T02:39:20.933933Z
616,1,2025-07-17T02:39:22.358287Z,617,1.217,기타,2021 부산사교육청 대입상담캠프가 진행중입니다.,2025-07-17T02:39:22.358308Z
617,1,2025-07-17T02:39:23.668682Z,618,1.099,기타,무역 업무차 자주가는곳,2025-07-17T02:39:23.668701Z
618,1,2025-07-17T02:39:25.056281Z,619,1.173,기타,부산 세계 커피 박람회,2025-07-17T02:39:25.056298Z
619,1,2025-07-17T02:39:26.529453Z,620,1.272,기타,각국 매니아들 바글바글,2025-07-17T02:39:26.529474Z
620,1,2025-07-17T02:39:30.419011Z,621,3.693,미식,커피맛에 입이 호강했어요,2025-07-17T02:39:30.419025Z
621,1,2025-07-17T02:39:35.747414Z,622,5.124,기타,아이들 실내놀이터 후토스와 로봇체험과 vr무료체험으로 방문함.,2025-07-17T02:39:35.747435Z
622,1,2025-07-17T02:39:45.393034Z,623,9.443,기타,화장실이 작지만 청결함 주차시설도 넓어서 좋으나 주차비는 비싼편인듯,2025-07-17T02:39:45.393058Z
623,1,2025-07-17T02:39:47.167750Z,624,1.576,기타,아이들을위한 여러 시설들이 매력있는 장소임 1관과2관이 연결된 부분도 잘 구성돼있고 위치상 벡스코 방문후엔 시립미술관과 같이  병행해서 체험하는 코스를 즐겨이용하기에 좋음,2025-07-17T02:39:47.167765Z
624,1,2025-07-17T02:39:50.285554Z,625,2.906,기타,벡스코에서 부산행사 대부분이 열리지요. 이번에는 수제맥주축제. 센텀맥주축제보단 규모는 작지만 다양한 수제맥주를 마실수있어서 좋았어요,2025-07-17T02:39:50.285577Z
625,1,2025-07-17T02:39:53.327243Z,626,4.463,k-문화,살사 동호회 지인들이랑 벡스코 수제맥주 페스티벌에 다녀왔습니다.,2025-07-17T02:39:58.915660Z
626,1,2025-07-17T02:40:34.837604Z,627,29.82,미식,음악좋고 맥주 정말 맛있었어요~~~,2025-07-17T02:40:34.837616Z
627,1,2025-07-17T02:40:36.922945Z,628,1.886,기타,국제식품박람회랑 몇가지 행사를 공동으로 개최하여 여러가지 잘 보고 있습니다.,2025-07-17T02:40:36.922968Z
628,1,2025-07-17T02:40:38.651393Z,629,1.519,기타,벡스코 세계 맥주 축제,2025-07-17T02:40:38.651409Z
630,1,2025-07-17T02:40:45.903020Z,631,5.64,미식,술은 종류가 많고 좋음,2025-07-17T02:40:45.903042Z
632,1,2025-07-17T02:40:51.943097Z,633,3.559,미식,안주는 먹을 게 없고 비쌈.,2025-07-17T02:40:51.943117Z
633,1,2025-07-17T02:40:54.694101Z,634,2.549,기타,낚시박람회 보러 갔었는데요 벡스코 이곳은 다양한 박람회또는 전시회 같은 행사를 볼수가있구요 주차장은 1전시장 2전시장 두군데 있습니다. 큰행사가 있을땐 지하철타고 오시는게 더  좋으실겁니다. 그땐 도로도 엉암이구 주차장도 만차입니다. 그리고 벡스코내에는 스타벅스와 편의점도 있구요 지하에는 더파티 뷔페와 식당들이 있습니다. 벡스코 밖에는 식당이 별로 없으니 지하에서 해결하시는게 좋습니다.,2025-07-17T02:40:54.694111Z
634,1,2025-07-17T02:40:56.392011Z,635,1.475,기타,매년 늦가을마다 수 많은 사람들의 열정이 모여드는 곳.,2025-07-17T02:40:56.392029Z
635,1,2025-07-17T02:41:20.147016Z,636,23.533,기타,부산에서 큰 행사를 치르기 적합한 곳입니다. 대중교통으로 접근성도 좋습니다.,2025-07-17T02:41:20.147034Z
636,1,2025-07-17T02:41:21.844610Z,637,1.472,기타,넓음. 깔끔함. 주차장이 크지만 가는길의 도로가 지옥이다. 박람회나 어린이 공연을 하는곳임. 가능하면 대중교통 추천하고 조금만 가면 광안리임.,2025-07-17T02:41:21.844627Z
637,1,2025-07-17T02:41:27.439968Z,638,5.338,e스포츠,"항상 지스타 보러 갑니다. 그런데 갈때마다 느끼는게, 시설이 관광객 수에 비해 너무 작아요;; 그냥 부지 확보해서 싹 밀고 처음부터 다시 짓던가 아니면 새로운 부지에 지금 크기 2배 정도로 하나 더 지었으면 하는 바램입니다.",2025-07-17T02:41:27.439987Z
638,1,2025-07-17T02:41:30.975643Z,639,3.324,기타,Very wide and easy to use place to exhibition in Busan. 크고 내부 정리가 잘 되어 있습니다. 시설 이용도 편리합니다,2025-07-17T02:41:30.975656Z
639,1,2025-07-17T02:41:40.104815Z,640,8.908,기타,규모는 상당하고 시설관리 수준도 괜춘함,2025-07-17T02:41:40.104836Z
640,1,2025-07-17T02:41:44.200771Z,641,3.872,기타,"다만, 만찬 식사의 맛 수준이 낮고, 행사장의 전반적인 동선에 대한 고민은 조금 부족한 듯",2025-07-17T02:41:44.200785Z
641,1,2025-07-17T02:44:38.581006Z,642,174.15,기타,꽤 크다 규모에 비해 행사가 많지않아 약간 허전한 느낌,2025-07-17T02:44:38.581018Z
642,1,2025-07-17T02:44:43.253023Z,643,4.445,e스포츠,지스타 재밌었다. 내년에도 11월쯤에 할듯한데 게임 축제이며 게임관련 코스프레 대회가 있고 푸드트럭도 많아 먹거리 볼거리 대 만족-★,2025-07-17T02:44:43.253042Z
643,1,2025-07-17T02:44:48.256069Z,644,4.735,기타,VR무료체험장 다녀왔는데 이런곳이 있는지 첨알았네요~,2025-07-17T02:44:48.256095Z
645,1,2025-07-17T02:44:52.432372Z,646,2.723,기타,친절하게 도와주시고 1시간동안 마음껏 해보고 가족들과 너무 즐거운 시간 보냈어요~,2025-07-17T02:44:52.432386Z
647,1,2025-07-17T02:44:56.248796Z,648,2.11,기타,체험은 무료지만 주차비는 유료니 참고하세요,2025-07-17T02:44:56.248821Z
649,1,2025-07-17T02:44:59.678596Z,650,2.108,기타,전화예약하시면 좋아요,2025-07-17T02:44:59.678607Z
650,1,2025-07-17T02:45:05.457041Z,651,5.576,기타,초청공연   버스6대로  오후2시출발  ㅡ포항11시도착  공연장치고는  논산연무대보다  뛰어난 건축물이 눈에 뜀니다 많은인파 들로  훌륭히 행사를 치루는  명물이라고봅니다,2025-07-17T02:45:05.457053Z
651,1,2025-07-17T02:45:17.401284Z,652,11.726,e스포츠,지스타에 다녀옴! 너무 사람도 많고 볼거리도 없...ㅠㅠ,2025-07-17T02:45:17.401306Z
652,1,2025-07-17T02:45:21.964080Z,653,4.346,기타,엄청 빨리가서 상품받는거 말고는 기본 30분 이상 줄을 서서 체험해야되는데,2025-07-17T02:45:21.964100Z
653,1,2025-07-17T02:45:24.870527Z,654,2.686,e스포츠,매년 가보지만...사람할짓이 못됨 ㅠㅠ 그래도 내가 정말 좋아하는 게임이나 좋아하는 스트리머 비제이 유튜버가 온다면 가보긴 좋음!,2025-07-17T02:45:24.870547Z
654,1,2025-07-17T02:45:29.568819Z,655,4.476,기타,운을 시험하는 행사가 많으니 도전해봐도 나쁘진 않습니당.,2025-07-17T02:45:29.568842Z
655,1,2025-07-17T02:45:31.594043Z,656,1.808,기타,"부산 최대의 전시장, 컨퍼런스, 행사장입니다.",2025-07-17T02:45:31.594058Z
656,1,2025-07-17T02:45:44.875264Z,657,13.024,기타,편리한 교통과 멋진 경관을 가지고 있습니다. 다양한 행사와 이벤트를 만나 보실 수 있습니다.,2025-07-17T02:45:44.875281Z
657,1,2025-07-17T02:46:36.298390Z,658,51.198,기타,"캠핑카 전시회가 있어서  다녀왔는데, 공간이 넓고 주차도 편해서 만족스러웠읍니다.",2025-07-17T02:46:36.298408Z
658,1,2025-07-17T02:46:47.682707Z,659,11.11,기타,학회차 방문해서 크게 둘러보진 않았지만 부대시설 쪽은 다소 모자라지 않나 싶네요. 인근에 뭐가 많긴 하지만... 만약에 벡스코 내에 뭔가 이것저것 있다 하더라도 전체적인 시설 안내가 부족하지 않나 싶은 생각.,2025-07-17T02:46:47.682727Z
659,1,2025-07-17T02:46:50.032105Z,660,2.118,기타,이번에 카페쇼 다녀왔습니다,2025-07-17T02:46:50.032122Z
660,1,2025-07-17T02:46:52.226981Z,661,1.968,기타,태풍이 불어도 고고,2025-07-17T02:46:52.227000Z
661,1,2025-07-17T02:46:54.842654Z,662,2.39,기타,태풍 영향인지 업체도 저고 이벤트나 약간 아쉽네요,2025-07-17T02:46:54.842682Z
663,1,2025-07-17T02:47:09.362128Z,664,1.928,기타,주차공간 넓고 주차비가 하루종일 주차해도 15000원을 안넘어요 대신 현금 안되요 버스카드로도 결제된답니다,2025-07-17T02:47:09.362147Z
664,1,2025-07-17T02:47:13.365373Z,665,3.743,기타,넓음. 일단 넓음. 장애인 주차장이 엄청 넓음. 일반 주차장도 엄청 넓음. 지하주차장도 있음.,2025-07-17T02:47:13.365394Z
665,1,2025-07-17T02:47:42.826904Z,666,29.242,기타,부산지역의 유일한 전시 컨벤션센터로서 각종 국제회의와 행사.전시등을 개최하여 부산지역 시민들에게 보고.듣고.이해하고.알수있게 많은 전시행사를 개최하는곳 입니다,2025-07-17T02:47:42.826926Z
666,1,2025-07-17T02:47:50.394139Z,667,7.348,,좋아요,2025-07-17T02:47:50.394160Z
667,1,2025-07-17T02:47:53.561572Z,668,2.947,기타,모든곳이 잘되어있습니다,2025-07-17T02:47:53.561591Z
668,1,2025-07-17T02:48:02.541459Z,669,8.754,기타,연중 내내 각종 행사가 이어지고 시설도 매우 훌륭하고 가족나들이에도 좋으며 근처에 백화점들이 있어 쇼핑도 좋습니다.,2025-07-17T02:48:02.541478Z
669,1,2025-07-17T02:48:48.985313Z,670,46.215,기타,여러행사가 개최되는 곳,2025-07-17T02:48:48.985330Z
670,1,2025-07-17T02:48:51.230804Z,671,1.967,기타,추억의 장소,2025-07-17T02:48:51.230820Z
671,1,2025-07-17T02:48:53.300823Z,672,1.836,기타,주차장이 좀 불편하지만 전시는 나름 좋았네요,2025-07-17T02:48:53.300838Z
672,1,2025-07-17T02:49:01.577909Z,673,8.047,기타,"베비이페어, 수제맥주 축제, 모터쇼 등 다양한 행사가 열리는 곳. 다 좋은데 주차가 쫌 모자라는 듯하다.",2025-07-17T02:49:01.577932Z
673,1,2025-07-17T02:49:06.265220Z,674,4.459,기타,제2전시장보다 제1전시장이 훨씬크고 웅장하네요. 엄청 큽니다.,2025-07-17T02:49:06.265237Z
674,1,2025-07-17T02:49:28.282420Z,675,21.786,기타,드론코리아 행사 다녀옴.,2025-07-17T02:49:28.282442Z
675,1,2025-07-17T02:49:35.882399Z,676,7.326,기타,시간 촉박해서 사진은 초반에만 찍었네요.,2025-07-17T02:49:35.882423Z
676,1,2025-07-17T02:49:44.655604Z,677,8.513,기타,시간이 좀 더 많았으면 이것저것 물어봤을텐데...,2025-07-17T02:49:44.655622Z
677,1,2025-07-17T02:49:46.130480Z,678,1.255,기타,강남에 코엑스,2025-07-17T02:49:46.130492Z
678,1,2025-07-17T02:49:47.938635Z,679,1.574,기타,일산에 킨텍스가있으면,2025-07-17T02:49:47.938657Z
679,1,2025-07-17T02:49:49.236802Z,680,1.068,기타,부산엔 벡스코 !,2025-07-17T02:49:49.236822Z
681,1,2025-07-17T02:49:53.433182Z,682,1.844,기타,우연히 맥주축제에 참여하게되었는데,2025-07-17T02:49:53.433201Z
682,1,2025-07-17T02:49:55.102705Z,683,1.446,기타,나름볼거리도많았고 나쁘지않았음,2025-07-17T02:49:55.102729Z
683,1,2025-07-17T02:50:05.178579Z,684,9.85,e스포츠,지스타 때문에 벡스코 가봤는데 진짜 짱 재밌었습니닼ㅋㅋ 코스프레 하는 언니들도 보고 겜친들도 만나고 ㅎ 첫차타고 갔는데도 사람 짱많았어여 ... ㄷㄷ,2025-07-17T02:50:05.178598Z
684,1,2025-07-17T02:50:07.112925Z,685,1.701,기타,차량보다는 대중교통 이용을 권합니다,2025-07-17T02:50:07.112941Z
685,1,2025-07-17T02:50:17.309629Z,686,9.969,기타,이번 벡스코에 축제로 한번들러보았습니다. 엄청난 크기에 건물인데도 사람들이 한번에 몰려오다보니,2025-07-17T02:50:17.309648Z
686,1,2025-07-17T02:50:19.402864Z,687,1.829,기타,큰건물이 작게보입니다. 이럴때 스태프들이 관리를 잘해줬으면.. 그거빼고는 다좋았습니다.,2025-07-17T02:50:19.402879Z
687,1,2025-07-17T02:50:20.928727Z,688,1.301,기타,언제나 쏠쏠한 재미가 있는 듯,2025-07-17T02:50:20.928751Z
688,1,2025-07-17T02:50:22.683817Z,689,1.524,기타,여러가지행사를구경할수있어서~좋았습니다~^^,2025-07-17T02:50:22.683836Z
689,1,2025-07-17T02:50:24.126504Z,690,1.22,기타,벡스코 제1전시장에서 인테리어박람회 코리아빌드 전시관람 다녀왔답니다,2025-07-17T02:50:24.126521Z
690,1,2025-07-17T02:50:25.408086Z,691,1.051,기타,1전시장 주차장이 만차여서 제2주차장이용함,2025-07-17T02:50:25.408111Z
691,1,2025-07-17T02:50:30.059679Z,692,4.427,e스포츠,전시도다양하고 만족.부산에서만 누릴수있는 GSTAR포함 다양함,2025-07-17T02:50:30.059698Z
692,1,2025-07-17T02:50:32.026398Z,693,1.752,기타,예전에 벡스코에서 행사가 많이 열려서 정말 자주 방문했었습니다:),2025-07-17T02:50:32.026411Z
694,1,2025-07-17T02:50:47.416705Z,695,12.744,기타,지금은 코로나 때문에 예전 모습은 찾아볼 수 없지만 너무 아쉬운 마음에 근처 지나다 사진 찍어봤어요ㅎ,2025-07-17T02:50:47.416720Z
696,1,2025-07-17T02:50:51.265952Z,697,1.822,기타,빨리 행사가 자주 열리는 부산 벡스코의 모습을 볼 수 있었으면 좋겠습니다!!!,2025-07-17T02:50:51.265971Z
697,1,2025-07-17T02:50:52.416887Z,698,0.917,기타,다양한 행사.. 코엑스보다 안 붐벼좋음. 퀄은 당연히 조금 떨어지구요,2025-07-17T02:50:52.416906Z
698,1,2025-07-17T02:50:53.299080Z,699,0.633,기타,전시하기 참 좋은 곳이다,2025-07-17T02:50:53.299102Z
701,1,2025-07-17T02:51:13.883008Z,702,17.866,k-문화,This large market area is the former site of the Busan International Film Festival. There is a Korean film walk of fame that is interesting. There are many boutiques and food stalls that make for a fun afternoon.,2025-07-17T02:51:13.883026Z
702,1,2025-07-17T02:51:58.474731Z,703,44.296,기타,"Went there in the afternoon before most of the food stalls open. A lot of jewels, stationary, fun stuffs stores to visit. We had a good time there",2025-07-17T02:51:58.474744Z
703,1,2025-07-17T02:52:03.142565Z,704,4.428,기타,주말이라 사람 많았지만 다양한 볼거리와 먹거리들이 풍부해서 재미있었어요.,2025-07-17T02:52:03.142585Z
704,1,2025-07-17T02:52:08.012143Z,705,4.623,k-문화,바닥에 영화배우들의 발바닥 조형물 구경하는 재미도 있었습니다.,2025-07-17T02:52:08.012165Z
705,1,2025-07-17T02:58:14.445920Z,706,317.34999999999997,기타,외국 관광객이 많아져서 여기가 한국인가 싶을 정도였습니다.,2025-07-17T02:58:14.445932Z
706,1,2025-07-17T03:00:21.451399Z,707,104.859,기타,저녁에는 야시장이 열려서 활기가 넘쳤습니다.,2025-07-17T03:00:21.451413Z
707,1,2025-07-17T03:00:24.251503Z,708,2.644,기타,"부산 최고의 가족들이 함께하기 좋은 번화가. 자갈치시장, 남포동,광복로 부평깡통시장,국제시장, 대청로까지 광범위한 공간의 중심역할을 함.",2025-07-17T03:00:24.251521Z
709,1,2025-07-17T03:00:29.223860Z,710,3.354,k-문화,"biff는 Busan International Film Festival | BIFF 부산국제영화제의 줄임말임.  과거 남포동  광장에서 관객과 영화, 영화인이 함께 어울려 시작된 영화제가 해운대라는 극장식 공간으로 옮겨지면서 대중화가 사라진 분위기. 광장 커뮤니티가 건물속으로 들어간 상황",2025-07-17T03:00:29.223878Z
710,1,2025-07-17T03:00:31.346620Z,711,1.947,기타,부산에 왔다면 꼭 들러야할곳,2025-07-17T03:00:31.346638Z
711,1,2025-07-17T03:00:33.136017Z,712,1.621,기타,경기가 안좋아서인지,2025-07-17T03:00:33.136033Z
712,1,2025-07-17T03:00:34.089266Z,713,0.747,기타,이곳도 변했네요,2025-07-17T03:00:34.089283Z
713,1,2025-07-17T03:00:35.772312Z,714,1.516,미식,씨앗호떡도 사이즈가 작아진거같구,2025-07-17T03:00:35.772331Z
714,1,2025-07-17T03:00:38.331580Z,715,2.388,미식,다른 좌판음식도 먹어보고 싶은게 없구요,2025-07-17T03:00:38.331595Z
715,1,2025-07-17T03:00:41.380469Z,716,2.889,기타,그래도 부산왔다고 이거저거 사먹었는데,2025-07-17T03:00:41.380484Z
716,1,2025-07-17T03:00:45.671889Z,717,4.126,기타,어디서나 먹을수있는,2025-07-17T03:00:45.671907Z
717,1,2025-07-17T03:00:47.056215Z,718,1.221,미식,회오리감자가 차라리 나았다능,2025-07-17T03:00:47.056229Z
718,1,2025-07-17T03:00:48.883130Z,719,1.664,기타,구경은 강추,2025-07-17T03:00:48.883148Z
719,1,2025-07-17T03:00:50.430662Z,720,1.381,기타,구입은 비추,2025-07-17T03:00:50.430681Z
720,1,2025-07-17T03:00:53.198171Z,721,2.61,해양,자갈치시장근처,2025-07-17T03:00:53.198180Z
721,1,2025-07-17T03:00:55.134687Z,722,1.768,미식,먹자골목이에요,2025-07-17T03:00:55.134709Z
722,1,2025-07-17T03:00:56.991418Z,723,1.664,미식,맛있는곳도많아요,2025-07-17T03:00:56.991430Z
723,1,2025-07-17T04:00:31.644615Z,724,3574.388,기타,부산역에서,2025-07-17T04:00:31.644624Z
724,1,2025-07-17T04:00:33.387588Z,725,1.567,기타,버스타고,2025-07-17T04:00:33.387606Z
725,1,2025-07-17T04:00:37.447885Z,726,3.895,해양,자갈치시장쪽이예요,2025-07-17T04:00:37.447905Z
726,1,2025-07-17T04:00:41.439095Z,727,105.737,기타,건너편  자갈치 시장에 비해서  가격도 저렴하고  정비가 잘 된 편입니다.,2025-07-17T04:02:27.307604Z
727,1,2025-07-17T04:02:35.045481Z,728,2.054,기타,여기는 종종 오며가며  들르는 곳이기도 한데,2025-07-17T04:02:35.045492Z
728,1,2025-07-17T04:02:36.712438Z,729,1.473,기타,계속 정리가 되서 좋은 것 같아요!,2025-07-17T04:02:36.712454Z
729,1,2025-07-17T04:02:38.636941Z,730,1.771,미식,"별거 없다. 그냥 씨앗호떡, 부산 떡볶이, 주전부리를 맛볼 수 있는 거리.",2025-07-17T04:02:38.636966Z
730,1,2025-07-17T04:02:40.383262Z,731,1.587,미식,피프광장에서 제일맛난 호떡집입니다.생활의 달인에도 나가고 예전 일본에서 이곳에 호뚝반죽 배우러 외국에서도 올정도로 유명한 호떡집입니다.,2025-07-17T04:02:40.383281Z
731,1,2025-07-17T04:02:42.296271Z,732,1.735,미식,관광객들 여기 모르고 엉뚱한곳에서 줄서서 사먹는것 보면 조금 답답하지만 줄을 덜서서 먹을수 있기에 궂이 가르쳐주고 싶지 않은 보석같은 30년단골 호떡 집입니다.,2025-07-17T04:02:42.296292Z
732,1,2025-07-17T04:03:00.475128Z,733,18.003,미식,씨앗호떡 원조인 곳에 줄이 엄청 서있는데 교통정리 해주시는 아주머니가 계셔서 편했어요. 왜 줄 섰는지 알 수 있는 맛이었어요! 제가 간 날은 일본분이셨는데 방송인지 유투버인지 모르겠지만 촬영하고 있어서 흥미로웠어요. 외국인이 정말 많았어요. 부산에 간다면 한번은 들려볼만 하다고 생각합니다. 씨앗호떡 당면 떡볶이 등등 먹거리가 즐비해서 너무 좋았습니다. 날씨가 선선한 날에 다시한번 방문해서 먹방 제대로 해보고 싶네요^^,2025-07-17T04:03:00.475149Z
733,1,2025-07-17T04:04:37.429371Z,734,96.73,k-문화,약 10년 만에 찾은 BIFF광장. 80~90년대가 서울 충무로의 시대였다면 2000년대를 기점으로 바로 이 부산을 중심으로 한국 영화를 이끌었다고해도 과언이 아닐 것이다.,2025-07-17T04:04:37.429385Z
735,1,2025-07-17T04:04:42.201853Z,736,3.346,미식,그 유명한 씨앗호떡은 10년 전과 동일하게 자리를 지키고 있으며 부산 번화가중 하나인 이 곳은 부산여행시 한 번쯤은 방문해보길 권한다.,2025-07-17T04:04:42.201864Z
736,1,2025-07-17T04:04:54.040060Z,737,11.694,k-문화,"예전에는 지금보다 훨씬 더 인파가 많고, 부산국제영화제도 여기서 탄생했는데, 방치가 많이 된것 같아 다소 아쉬운 지역입니다. 다시 많은 관광객, 시민들에게 사랑받을 수 있는 장소가 되면 좋겠습니다.",2025-07-17T04:04:54.040079Z
737,1,2025-07-17T04:04:55.922038Z,738,1.72,기타,이런 분위기 너무 좋아해요~,2025-07-17T04:04:55.922051Z
738,1,2025-07-17T04:04:57.602500Z,739,1.521,기타,산불 때문에 방문한날 상인분들 걱정소리가~,2025-07-17T04:04:57.602511Z
739,1,2025-07-17T04:04:58.676064Z,740,0.905,기타,그래도 사람은 많아서~ 좀 위안이 되셨길~,2025-07-17T04:04:58.676086Z
740,1,2025-07-17T04:04:59.609271Z,741,0.768,기타,오랜만에 부산여행,2025-07-17T04:04:59.609294Z
741,1,2025-07-17T04:05:01.525531Z,742,1.74,기타,남포동 비프광장은 필수 코스 입니다.,2025-07-17T04:05:01.525549Z
742,1,2025-07-17T04:05:03.201613Z,743,1.507,미식,그리고 꼭 먹는 씨앗 호떡,2025-07-17T04:05:03.201630Z
743,1,2025-07-17T04:05:07.685738Z,744,4.311,미식,너무 맛있고 사장님 친절 하세요^^*,2025-07-17T04:05:07.685762Z
744,1,2025-07-17T04:05:09.488329Z,745,1.623,기타,근 10년만에 간듯한데 추억돋고 좋네요.,2025-07-17T04:05:09.488342Z
745,1,2025-07-17T04:05:10.819691Z,746,1.168,기타,사람도 여전히 많고~,2025-07-17T04:05:10.819707Z
746,1,2025-07-17T04:05:12.221828Z,747,1.225,기타,외국인들 비율이 많아진것 같네요,2025-07-17T04:05:12.221855Z
747,1,2025-07-17T04:05:27.206456Z,748,14.824,해양,리뷰만 보고 찾아갔지만 기대이하 해녀 할매들 고생하시는건 알겠지만...현금 결제만 가능ㅡㅡ아님 계좌이체 관광지가 맞나란 생각을 하게끔 😅😅😅,2025-07-17T04:05:27.206473Z
748,1,2025-07-17T04:05:33.556390Z,749,6.179,k-문화,BlFF광장은 평소에도 자주 다니는 장소인데 코로나 이전엔 사람들이 진짜 많아서 다니기 불편했는데 요즘은 코로나 때문인지 사람들이 많지 않아 길다니기 편해서 좋아요.먹을게 많아서 종종 가서 호떡.떢볶이.김밥등~~사먹고 구경도 하고 가끔 영화도 보러 나오곤 한답니다.,2025-07-17T04:05:33.556408Z
749,1,2025-07-17T04:06:24.335806Z,750,57.458,기타,This place was bursting with food and merchandise stores. There were so many things to see and eat.,2025-07-17T04:06:49.093148Z
750,1,2025-07-17T04:06:58.846142Z,751,4.386,기타,이곳은 음식과 상품 가게로 넘쳐났다. 볼거리와 먹을거리가 너무 많았다.,2025-07-17T04:06:58.846152Z
751,1,2025-07-17T04:07:12.960784Z,752,13.939,미식,"자갈치시장 길 건너편에 있어요. 자갈치시장역에서도 매우 가깝습니다. 토욜에가서 그런지 사람이 많았습니다.젊는연인들과 가족들도 눈에 많이 띄였습니다. 저의 어린시절 서울의 명동같은 시끌시끌한 분위기라서 재미있었습니다. 배 불러서 아무것도 먹지 못했지만, 납작만두와 비빈(야채?), 육전, 부산에서 유명한 씨앗호떡, 매운오뎅을 경험하실수 있을거예요",2025-07-17T04:07:12.960801Z
752,1,2025-07-17T04:07:14.528186Z,753,1.403,미식,씨앗호떡을 먹을수있는 BIFF광장,2025-07-17T04:07:14.528201Z
753,1,2025-07-17T04:07:18.477456Z,754,3.785,기타,"복잡하고 생각보다 즐길거리가 별로없으며, 메인 골목이 아니면 치안이안좋은곳",2025-07-17T04:07:18.477471Z
754,1,2025-07-17T04:07:19.598185Z,755,0.97,,,2025-07-17T04:07:19.598201Z
756,1,2025-07-17T04:40:15.191338Z,756,1972.883,기타,근처에는 자갈치 시장과 깡통 시장이 있어 짧게 즐기시고 다른곳으로 가보시는걸 추천드립니다.,2025-07-17T04:40:15.191354Z
757,1,2025-07-17T04:40:20.295543Z,757,4.926,미식,부산 남포역과 가까운 관광지 거리 중 한곳입니다. 큰 거리도 좋지만 골목골목에 먹을거리가 많아요:),2025-07-17T04:40:20.295562Z
758,1,2025-07-17T04:40:22.356748Z,758,1.875,미식,정말 많은 먹거리가 있는 곳입니다.,2025-07-17T04:40:22.356769Z
759,1,2025-07-17T04:40:24.270339Z,759,1.728,미식,비빔당면 하는 곳은 많이 없네요~,2025-07-17T04:40:24.270356Z
760,1,2025-07-17T04:40:25.725963Z,760,1.28,미식,비빔당면과 닭꼬치 먹고 사람 구경많이 하고 왔습니다,2025-07-17T04:40:25.725983Z
761,1,2025-07-17T04:40:30.335245Z,761,4.438,기타,비프광장은 자갈치 시장에서 도보 3분거리에 있는 바포 건너편에 위치한 곳입니다,2025-07-17T04:40:30.335259Z
762,1,2025-07-17T04:40:34.810536Z,762,4.294,k-문화,비프광장은 서울의 명동거리라고 보시면 됩니다 먹거리 좌판들과 선물용품들 파는곳들이 있고 쇼핑몰등 있어요,2025-07-17T04:40:34.810559Z
763,1,2025-07-17T04:40:39.292598Z,763,4.254,웰니스,비프광장에서 씨앗호떡 드시고 용두산공원가시는걸 추천드립니다,2025-07-17T04:40:39.292610Z
764,1,2025-07-17T04:40:43.384103Z,764,3.908,웰니스,3시간코스추천,2025-07-17T04:40:43.384123Z
765,1,2025-07-17T04:40:46.564968Z,765,2.99,기타,자갈치시장(주차) > 비프광장 > 용두산공원 > 국제시장 > 부평깡통시장 > 자갈치시장,2025-07-17T04:40:46.564984Z
766,1,2025-07-17T04:40:50.109661Z,766,3.371,기타,이렇게 3시간 코스입니다 3시간이면 5군데 명소를 다 볼수 있는곳이에요~!,2025-07-17T04:40:50.109677Z
768,1,2025-07-17T04:41:47.930199Z,768,52.535,기타,"Biff Square is located across from Bapo, a three-minute walk from Jagalchi Market.",2025-07-17T04:41:47.930213Z
769,1,2025-07-17T04:41:56.600566Z,769,8.488,k-문화,"You can think of beef plaza as Myeongdong street in Seoul. There are food stalls, gift shops, shopping malls, etc.",2025-07-17T04:41:56.600587Z
770,1,2025-07-17T04:41:59.012904Z,770,2.227,기타,I recommend you to eat seed hotteok at Biff Square and go to Yongdusan Park.,2025-07-17T04:41:59.012918Z
771,1,2025-07-17T04:42:00.346630Z,771,1.152,기타,Recommend a three-hour,2025-07-17T04:42:00.346653Z
772,1,2025-07-17T04:42:01.091350Z,772,0.563,기타,Jagalchi Market > Biff Square > Yongdusan Park > International Market > Bupyeong Kkangtong Market > Jagalchi Market,2025-07-17T04:42:01.091369Z
773,1,2025-07-17T04:42:02.455710Z,773,1.188,기타,This is the three-hour course. You can see all five famous places in three hours.,2025-07-17T04:42:02.455726Z
774,1,2025-07-17T04:42:11.736709Z,774,9.094,미식,"비프 광장은 부산국제영화제가 열리는 부산의 한 지역이다. 영화관에서 영화를 감상할 수 있으며, 길거리 음식을 맛볼 수도 있는 장소이다. 길거리음식에는 통가래떡 떡볶이와 닭꼬치, 군밤, 씨앗호떡, 납작만두, 김밥, 유부주머니, 당면만두, 와플, 달고나 등이 있다.",2025-07-17T04:42:11.736731Z
775,1,2025-07-17T04:42:13.567605Z,775,1.587,기타,오랜만에 들려봤는데 재미있었습니다.,2025-07-17T04:42:13.567621Z
776,1,2025-07-17T04:42:14.885307Z,776,1.132,미식,씨앗호떡은 여전히 맛있습니다.,2025-07-17T04:42:14.885327Z
777,1,2025-07-17T04:42:16.980742Z,777,1.931,미식,오래 구경한것은 아니라 쓸말이 많지는 않지만 부산의 먹거리 여행을 즐기는데는 참 좋았습니다.,2025-07-17T04:42:16.980756Z
778,1,2025-07-17T04:42:20.204755Z,778,3.053,미식,납작만두에 오징어무침을 싸서 먹는건 기대보다 쏘쏘였어요.,2025-07-17T04:42:20.204779Z
779,1,2025-07-17T04:42:21.606007Z,779,1.218,미식,포차골목에 이자카야 느낌의 포차가있네요~,2025-07-17T04:42:21.606024Z
780,1,2025-07-17T04:42:27.157066Z,780,5.31,미식,할매들이하는 포차랑 조금 다른느낌이고 사장님이 요리를 잘하십니다,2025-07-17T04:42:27.157083Z
781,1,2025-07-17T04:42:29.470322Z,781,2.125,미식,요즘같은 날씨는 포차죠.  25번,2025-07-17T04:42:29.470341Z
782,1,2025-07-17T04:42:30.933356Z,782,1.229,기타,추천합니다~👍,2025-07-17T04:42:30.933378Z
783,1,2025-07-17T04:42:32.632000Z,783,1.511,기타,5년전에 갔을때만해도 핫 플레이스였는데,2025-07-17T04:42:32.632025Z
784,1,2025-07-17T04:42:35.404562Z,784,2.584,기타,연휴 토욜인데도 사람이 생각만큼 많지 않다.,2025-07-17T04:42:35.404577Z
785,1,2025-07-17T04:42:36.915083Z,785,1.326,미식,"떡볶이, 씨앗호떡  먹으러간건데",2025-07-17T04:42:36.915108Z
786,1,2025-07-17T04:42:39.531764Z,786,2.375,미식,씨앗호떡도 우리동네 호떡 맛집이 더 맛나네요.,2025-07-17T04:42:39.531787Z
787,1,2025-07-17T04:42:41.287932Z,787,1.578,기타,이곳은 더이상 안갈거 같아요.,2025-07-17T04:42:41.287945Z
788,1,2025-07-17T04:42:47.500059Z,788,6.032,미식,배고프지 않아서일까? 신발원 만두집에서 곧바로 왔더니만...,2025-07-17T04:42:47.500080Z
789,1,2025-07-17T04:42:50.106521Z,789,2.417,미식,사람이 국제시장 깡통시장 자갈치 사이라 그런지 많았습니다. 포장마차 음식가격은… 좀 비싸네요,2025-07-17T04:42:50.106542Z
790,1,2025-07-17T04:42:51.772902Z,790,1.478,미식,씨앗호떡이 맛있었습다,2025-07-17T04:42:51.772917Z
791,1,2025-07-17T04:43:27.417515Z,791,35.462,기타,코로나-19로 인한 사회적거리두기에 영향으로 예전에 활기는 느낄 수 없었지만 그대도 부산남포동다운,2025-07-17T04:43:27.417527Z
792,1,2025-07-17T04:43:31.501735Z,792,3.908,기타,활기가 살짝 남아 있었습니다,2025-07-17T04:43:31.501747Z
801,1,2025-07-17T05:14:41.012776Z,793,8.308,기타,곳곳에 임대문의 현수막이 붙어 있고 빈점포들이 많이 보여서 안타까웠고,2025-07-17T05:14:41.012787Z
799,1,2025-07-17T04:52:51.205121Z,1457,7.692,k-문화,도서관이라서 좋고 영화라서 좋고 영화를 볼 수 있어 좋고 다양한 문화 전시가 있어서 좋다 다만 공부만하는 학생들이 너무 많다. 책을 읽을 때 막상 책을 읽을 자리가 없는 경우가 있다,2025-07-17T04:52:51.205140Z
798,1,2025-07-17T04:52:40.683196Z,1458,2.784,k-문화,쾌적합니다. 무료로 영화를 관람할 수도 있습니다.,2025-07-17T04:52:40.683213Z
795,1,2025-07-17T04:47:39.661834Z,1484,2.527,뷰티,화장품이 많고 좋아요,2025-07-17T04:47:39.661846Z
796,1,2025-07-17T04:48:54.878392Z,1489,2.424,뷰티,화장품 판매점,2025-07-17T04:48:54.878401Z
797,1,2025-07-17T04:50:00.836732Z,1520,19.369,뷰티,美妝保養品真的很便宜，很多商品幾乎都是打對折，外國人消費滿一定金額還會再打折，美妝試用品旁邊都還會有卸妝棉提供使用，真的很貼心!!,2025-07-17T04:50:00.836754Z
794,1,2025-07-17T04:44:52.649693Z,1555,22.913,기타,這間店什麼好東西都沒貨～,2025-07-17T04:44:52.649710Z
793,1,2025-07-17T04:44:20.693945Z,1556,10.88,뷰티,"So many skin care brand, the staf is frendly too, when u ask them bout the function, their will explain to yooou",2025-07-17T04:44:20.693958Z
831,1,2025-07-17T05:32:31.105721Z,1722,4.924,뷰티,This Olive Young is very accessible. It's nice to go shopping at Olive Young and then go upstairs to eat. It's nice to be able to shop comfortably in a spacious space.,2025-07-17T05:32:31.105739Z
802,1,2025-07-17T05:15:05.683685Z,1780,2.956,웰니스,"장소가 매우 넓고 다양한 온도의 찜질방과 쉴 수 있는 공간이 있습니다. 라면과 매점은 9시에, 식당은 11시에 엽니다. 8시 쯤 일찍 도착하면 대기가 적지만 시간이 조금 지나면 대기가 꽤 됩니다. 라면과 음식 값은 좀 비싼 편이구요 커피맛은 별로네요. 대신 공간의 장점으로 극복됩니다.",2025-07-17T05:15:05.683698Z
803,1,2025-07-17T05:15:17.999634Z,1785,1.876,웰니스,2. 사우나 온도가 생각보다 뜨겁지않아서 땀이 잘 안 나요!,2025-07-17T05:15:17.999645Z
804,1,2025-07-17T05:15:21.478920Z,1794,0.785,웰니스,깔끔한 시설에 릴렉스존이 곳곳에 마련돼 있습니다,2025-07-17T05:15:21.478941Z
805,1,2025-07-17T05:16:06.516035Z,1797,39.186,웰니스,"미리 예약하면 싸게방문할 수 있다, 기본 4시간에 찜질방내에서 만원이상 사용하면 2시간 추가로 머무를 수 있습니다. 탕은 보통이지만 찜질시설과 찜질방의 위치를 생각하면 근방에서 3시간이상 시간보내기 가장 만족스러운 장소일것이라 생각한다.",2025-07-17T05:16:06.516051Z
806,1,2025-07-17T05:16:12.607635Z,1798,3.264,웰니스,스파밎 백화점 이용코스로 1일 코스로 넘나 좋네요 쇼핑후 스파를 통한 휴식,2025-07-17T05:16:12.607658Z
838,1,2025-07-17T05:53:09.445277Z,2011,1.161,웰니스,나른하게 릴렉스하가 좋은곳,2025-07-17T05:53:09.445295Z
808,1,2025-07-17T05:17:34.224691Z,2040,1.408,웰니스,부산 스파의 대명사 ^^. 평일 오전에 가서 겁나 사람 없어 좋네요. 요즘은 너무 더워 야외스파장은 못 가겠고 ㅎ. 4시간 이네 짧게 방문하려면 네이버 등에서 싸게 티켓 구매하는게 좋은. 평상시가는 23천원. 다양한 이벤트방에 휴식공간. 부산 오면 술깨러 아침에 꼭 오는 장소로 부산에 온천장도 있지만 백화점 옆에 이곳도 덥지 않게 놀기 좋습니다. 끝나고 백화점 식당에서 밥 묵고 딴 곳으로 고고~~,2025-07-17T05:17:34.224702Z
837,1,2025-07-17T05:53:05.283921Z,2048,0.531,웰니스,노천탕 있어서 좋고 기본적인건 있어서 가볍게 가기 좋음,2025-07-17T05:53:05.283946Z
836,1,2025-07-17T05:53:00.987955Z,2074,1.61,웰니스,"찜질방은 쾌적하고 아주 좋구요,",2025-07-17T05:53:00.987977Z
807,1,2025-07-17T05:16:28.310728Z,2090,2.626,웰니스,최고입니다. 부산여행중에 받은 피로를 여기서 편하게 풀 수 있었어요. 또 방문하고 싶네요.,2025-07-17T05:16:28.310741Z
800,1,2025-07-17T05:14:02.618800Z,2091,3.649,웰니스,"현재, 찜질방 기준으로 우리나라 최대규모라 했던가? 테마별로 즐길수 있고 음식도 맛나요~",2025-07-17T05:14:02.619262Z
830,1,2025-07-17T05:25:06.050163Z,2151,1.433,k-문화,벚꽃축제에 다녀왔습니다.,2025-07-17T05:25:06.050182Z
829,1,2025-07-17T05:24:57.891957Z,2165,0.897,웰니스,주변 생태공원많고 볼거리많음.교통편리.,2025-07-17T05:24:57.891972Z
828,1,2025-07-17T05:24:38.739530Z,2202,2.013,웰니스,생태공원 동쪽끝에 오토캠핑장 시설도 유료로 이용할수 있습니다.,2025-07-17T05:24:38.739540Z
827,1,2025-07-17T05:24:23.554362Z,2214,1.033,기타,팜파스는 p4 주차장,2025-07-17T05:24:23.554380Z
826,1,2025-07-17T05:24:21.280314Z,2215,1.177,기타,핑크뮬리 p2주차장,2025-07-17T05:24:21.280333Z
825,1,2025-07-17T05:24:17.119320Z,2216,1.523,기타,대저 생태공원 핑크뮬리 보러 2번주차장에 주차후 다녀왔는데.. 10월 초에 못오고 올해엔 24일날 왔더니 벌써 색깔도 연해지고 사람들이 많이 다녀가서 그런지 밟혀져 있는곳도 많아서 너무너무 아쉬웠어요.,2025-07-17T05:24:17.119330Z
824,1,2025-07-17T05:24:03.926106Z,2241,1.269,기타,좀 아쉽네요.,2025-07-17T05:24:03.926120Z
823,1,2025-07-17T05:23:59.163897Z,2243,1.146,k-문화,유채꽃 축제 정말 너무 좋았습니다! 덕분에 이쁜 추억 만들고 가네요! 다음해에도 또 올거예요! 정말 좋아요!,2025-07-17T05:23:59.163906Z
822,1,2025-07-17T05:23:54.743373Z,2245,1.784,기타,넓은 장소에 많은 유채꽃이 심겨져 있습니다. 가족 연인과 방문하기 좋습니다. 주말에 주차하기 힘듭니다.,2025-07-17T05:23:54.743387Z
821,1,2025-07-17T05:23:51.234092Z,2251,1.126,기타,그러나 모기떼는 감당안된다,2025-07-17T05:23:51.234109Z
818,1,2025-07-17T05:23:39.437165Z,2256,1.129,기타,낙동강 생태가 회복되길 바라며,2025-07-17T05:23:39.437187Z
819,1,2025-07-17T05:23:42.307789Z,2257,1.27,기타,사계절을 그대로 느끼는 관리운영에 감사할 뿐.,2025-07-17T05:23:42.307804Z
820,1,2025-07-17T05:23:46.000309Z,2258,0.918,웰니스,걷기좋은,2025-07-17T05:23:46.000322Z
817,1,2025-07-17T05:23:28.853921Z,2265,1.156,기타,앉을 휴식공간이 조금 더 있었으면 좋겠습니다.,2025-07-17T05:23:28.853941Z
816,1,2025-07-17T05:23:25.340380Z,2266,1.241,웰니스,아이들과 산책하고 걷고 주말을 보내기 좋아요.,2025-07-17T05:23:25.340399Z
815,1,2025-07-17T05:22:17.928738Z,2279,1.048,k-문화,벚꽃 축제 좋았어요 유채꽃도 이뻐요,2025-07-17T05:22:17.928753Z
814,1,2025-07-17T05:22:06.994697Z,2287,0.818,웰니스,힐링장소추천♡,2025-07-17T05:22:06.994715Z
813,1,2025-07-17T05:22:01.861670Z,2290,1.05,k-문화,행사때는 이벤트도많구 밪꽃도 너무이쁘고,2025-07-17T05:22:01.861681Z
812,1,2025-07-17T05:21:52.142992Z,2299,1.196,웰니스,걷기 좋은 길,2025-07-17T05:21:52.143010Z
811,1,2025-07-17T05:21:46.027107Z,2305,0.698,웰니스,정말 산책하기.좋다. 근데 아래쪽 길은 너무 더워요 햇빛 가리개 필수,2025-07-17T05:21:46.027119Z
809,1,2025-07-17T05:20:48.180853Z,2323,1.31,k-문화,대저 벚꽃축제와 유채꽃축제가 해년마다 열리고 있어서 이제는 전국적으로도 많이 알려진 유명 축제로 자리잡은 곳에 위치한 대저생태공원은 늘 사람들의 발길이 이어지는곳이다.,2025-07-17T05:20:48.180873Z
810,1,2025-07-17T05:21:18.058924Z,2326,1.322,k-문화,4월6일(토)~4월14일(일)까지 대저유채꽃 축제가 이어지고 4월6일~4월7일 이틀간 부근의 체육관 운동장에서는 대저 토마토 축제도 열리고 있어서 토마토를 싸게 구입하거나 시식코너도 있어서 한번 들려 볼만한 곳이다.,2025-07-17T05:21:18.058941Z
834,1,2025-07-17T05:47:28.858592Z,2373,1.501,뷰티,미용 관련 쇼핑을 위한 좋은 장소!,2025-07-17T05:47:28.858607Z
833,1,2025-07-17T05:47:23.746674Z,2380,1.748,뷰티,"완벽해요, 제 피부 타입에 맞는 훌륭한 제품과 추천을 해주셨어요. 강력 추천합니다.",2025-07-17T05:47:23.746687Z
832,1,2025-07-17T05:47:07.598626Z,2413,4.143,뷰티,무료 피부 분석; 전반적으로 붐비지 않고 매우 친절한 직원!,2025-07-17T05:47:07.598639Z
835,1,2025-07-17T05:47:36.959013Z,2421,2.006,뷰티,피부 분석이 쉽고 직원도 친절했습니다.,2025-07-17T05:47:36.959026Z
839,1,2025-07-17T07:22:45.956242Z,2430,4.041,기타,"""화려한 부스들과 신작 게임 시연, e스포츠 팬이라면 놓칠 수 없는 축제!""",2025-07-17T07:22:45.956260Z
840,1,2025-07-17T07:22:47.162435Z,2431,1.068,e스포츠,"""프로게이머들의 숨 막히는 경기를 현장에서 보니 심장이 멎는 줄 알았어요.""",2025-07-17T07:22:47.162456Z
841,1,2025-07-17T07:22:48.181130Z,2432,0.884,e스포츠,"""새롭게 출시될 게임들을 미리 체험해볼 수 있어서 시간 가는 줄 몰랐네요.""",2025-07-17T07:22:48.181148Z
842,1,2025-07-17T07:22:52.402016Z,2433,4.091,기타,"""다양한 굿즈와 이벤트 덕분에 두 손 가득히 돌아왔습니다.""",2025-07-17T07:22:52.402032Z
843,1,2025-07-17T07:22:56.003138Z,2434,3.461,e스포츠,"""게임 속 세상을 현실에서 만나는 듯한 생생함, 내년에도 꼭 다시 올 거예요.""",2025-07-17T07:22:56.003156Z
844,1,2025-07-17T07:22:57.242836Z,2435,1.106,e스포츠,"""전 세계 게이머들이 하나 되는 열기를 직접 느껴보세요!""",2025-07-17T07:22:57.242855Z
845,1,2025-07-17T07:22:58.619026Z,2436,1.241,e스포츠,"""단순한 게임쇼가 아니라, 하나의 거대한 문화 축제였습니다.""",2025-07-17T07:22:58.619043Z
846,1,2025-07-17T07:23:00.589542Z,2437,1.832,기타,"""유명 스트리머와 개발자들을 직접 만날 수 있는 특별한 경험이었어요.""",2025-07-17T07:23:00.589559Z
847,1,2025-07-17T07:23:02.297978Z,2438,1.586,e스포츠,"""e스포츠의 미래를 한자리에서 볼 수 있었던 의미 있는 시간이었습니다.""",2025-07-17T07:23:02.297987Z
848,1,2025-07-17T07:23:05.266995Z,2439,2.833,e스포츠,"""역대급 라인업과 볼거리로 가득했던 최고의 게임 이벤트!""",2025-07-17T07:23:05.267016Z
849,1,2025-07-17T07:23:07.677587Z,2440,2.276,웰니스,"""복잡한 도심을 떠나 고요한 자연 속에서 진정한 쉼을 얻었습니다.""",2025-07-17T07:23:07.677606Z
850,1,2025-07-17T07:23:09.510092Z,2441,1.69,웰니스,"""몸과 마음이 정화되는 기분, 숲길을 걷는 것만으로도 힐링이 돼요.""",2025-07-17T07:23:09.510111Z
851,1,2025-07-17T07:23:12.175006Z,2442,2.531,웰니스,"""따뜻한 온천에 몸을 담그니 그동안 쌓였던 피로가 눈 녹듯 사라졌어요.""",2025-07-17T07:23:12.175026Z
852,1,2025-07-17T07:23:13.736490Z,2443,1.408,웰니스,"""건강한 식단과 명상 프로그램으로 나를 되찾는 시간을 가졌습니다.""",2025-07-17T07:23:13.736508Z
853,1,2025-07-17T07:23:15.148226Z,2444,1.279,웰니스,"""고요한 산사에서 보낸 하루가 일상의 소중함을 다시금 깨닫게 해주었네요.""",2025-07-17T07:23:15.148241Z
854,1,2025-07-17T07:23:17.094765Z,2445,1.801,기타,"""스트레스는 비우고, 긍정적인 에너지는 가득 채워 갑니다.""",2025-07-17T07:23:17.094790Z
855,1,2025-07-17T07:23:19.270774Z,2446,2.037,웰니스,"""자연의 소리에 귀 기울이며 온전히 나에게 집중할 수 있었던 최고의 휴식.""",2025-07-17T07:23:19.270794Z
856,1,2025-07-17T07:23:23.576489Z,2447,4.17,웰니스,"""편백나무 숲의 상쾌한 공기, 숨만 쉬어도 건강해지는 느낌이에요.""",2025-07-17T07:23:23.576505Z
857,1,2025-07-17T07:23:24.870110Z,2448,1.149,기타,"""여기서는 시간이 멈춘 것처럼 평화롭고 여유로웠어요.""",2025-07-17T07:23:24.870130Z
858,1,2025-07-17T07:23:26.044168Z,2449,1.04,기타,"""일상에 지친 당신에게 완벽한 재충전의 장소가 될 거예요.""",2025-07-17T07:23:26.044188Z
859,1,2025-07-17T07:23:31.271473Z,2450,5.036,뷰티,"""한국 아티스트의 섬세한 손길로 인생 네일아트를 완성했어요!""",2025-07-17T07:23:31.271488Z
860,1,2025-07-17T07:23:33.583171Z,2451,2.074,뷰티,"""전문가의 컨설팅을 받고 나에게 꼭 맞는 화장품을 찾았습니다.""",2025-07-17T07:23:33.583187Z
861,1,2025-07-17T07:23:34.650194Z,2452,0.934,뷰티,"""최신 K-뷰티 트렌드를 직접 체험하고 나니 자신감이 생겼어요.""",2025-07-17T07:23:34.650211Z
862,1,2025-07-17T07:23:35.586237Z,2453,0.783,뷰티,"""피부과 시술 하나로 잃어버렸던 얼굴 라인을 되찾은 기분이에요.""",2025-07-17T07:23:35.586255Z
863,1,2025-07-17T07:23:36.452704Z,2454,0.721,기타,"""헤어스타일 하나 바꿨을 뿐인데, 주변에서 다들 예뻐졌다고 칭찬해요.""",2025-07-17T07:23:36.452729Z
864,1,2025-07-17T07:23:42.683502Z,2455,6.092,뷰티,"""로드샵부터 백화점까지, 화장품 쇼핑만으로도 하루가 부족해요.""",2025-07-17T07:23:42.683522Z
865,1,2025-07-17T07:23:43.965698Z,2456,1.142,기타,"""메이크업 클래스에서 배운 팁 덕분에 매일 아침이 즐거워졌어요.""",2025-07-17T07:23:43.965718Z
866,1,2025-07-17T07:23:45.500534Z,2457,1.395,뷰티,"""합리적인 가격에 최상의 서비스를 받을 수 있는 곳, 역시 K-뷰티!""",2025-07-17T07:23:45.500556Z
867,1,2025-07-17T07:23:52.098691Z,2458,6.462,기타,"""머리부터 발끝까지 완벽하게 변신할 수 있었던 꿈같은 시간이었습니다.""",2025-07-17T07:23:52.098705Z
868,1,2025-07-17T07:23:55.955510Z,2459,3.713,웰니스,"""친구와 함께 스파에서 관리받으며 특별한 추억을 만들었어요.""",2025-07-17T07:23:55.955531Z
869,1,2025-07-17T07:24:00.795754Z,2460,4.705,미식,"""현지인만 아는 숨겨진 맛집, 인생 최고의 국밥을 만났습니다.""",2025-07-17T07:24:00.795765Z
870,1,2025-07-17T07:24:02.157104Z,2461,1.218,미식,"""싱싱한 제철 해산물로 차려진 한 상에 입이 떡 벌어졌어요.""",2025-07-17T07:24:02.157129Z
871,1,2025-07-17T07:24:03.310292Z,2462,1.011,미식,"""전통 시장에서 맛본 길거리 음식들은 하나하나가 감동이었어요.""",2025-07-17T07:24:03.310310Z
872,1,2025-07-17T07:24:04.751765Z,2463,1.293,미식,"""그 지역에서만 맛볼 수 있는 특별한 요리, 잊지 못할 맛의 경험.""",2025-07-17T07:24:04.751788Z
873,1,2025-07-17T07:24:05.907120Z,2464,1.028,미식,"""유명 셰프의 레스토랑, 음식 하나하나에 담긴 정성이 느껴졌습니다.""",2025-07-17T07:24:05.907133Z
874,1,2025-07-17T07:24:06.985057Z,2465,0.936,미식,"""오직 맛을 위해 떠난 여행, 기대 이상의 만족감을 얻었어요.""",2025-07-17T07:24:06.985078Z
875,1,2025-07-17T07:24:07.887859Z,2466,0.763,미식,"""달콤한 디저트와 향긋한 커피 한 잔의 여유, 여행의 완벽한 마무리.""",2025-07-17T07:24:07.887883Z
876,1,2025-07-17T07:24:09.378865Z,2467,1.354,미식,"""지역 특산물로 만든 요리는 맛도 건강도 최고였어요.""",2025-07-17T07:24:09.378884Z
877,1,2025-07-17T07:24:10.470765Z,2468,0.954,기타,"""먹는 즐거움이 여행의 절반이라는 말을 실감했습니다.""",2025-07-17T07:24:10.470780Z
878,1,2025-07-17T07:24:12.386100Z,2469,1.782,미식,"""다음엔 어떤 맛을 찾아 떠나볼까? 벌써부터 설레네요.""",2025-07-17T07:24:12.386118Z
879,1,2025-07-17T07:24:15.178935Z,2470,2.645,해양,"""푸른 바다 위를 가르는 요트, 영화 속 주인공이 된 기분이었어요.""",2025-07-17T07:24:15.178951Z
880,1,2025-07-17T07:24:16.218875Z,2471,0.899,해양,"""해운대의 밤바다는 낭만 그 자체, 파도 소리가 정말 아름다워요.""",2025-07-17T07:24:16.218901Z
881,1,2025-07-17T07:24:17.433085Z,2472,1.081,해양,"""짜릿한 수상 레저를 즐기며 무더위를 한 방에 날려버렸습니다.""",2025-07-17T07:24:17.433103Z
882,1,2025-07-17T07:24:18.861307Z,2473,1.278,해양,"""아름다운 해안선을 따라 달리는 드라이브, 최고의 풍경이었어요.""",2025-07-17T07:24:18.861332Z
883,1,2025-07-17T07:24:22.447136Z,2474,3.449,해양,"""일렁이는 바다를 보며 즐기는 해변에서의 바베큐는 잊을 수 없어요.""",2025-07-17T07:24:22.447153Z
884,1,2025-07-17T07:24:24.462180Z,2475,1.88,해양,"""서핑에 처음 도전했는데, 파도와 하나가 되는 순간의 희열이 엄청났어요.""",2025-07-17T07:24:24.462202Z
885,1,2025-07-17T07:24:30.105331Z,2476,5.493,해양,"""투명한 카약을 타고 바닷속을 들여다보는 신비로운 경험!""",2025-07-17T07:24:30.105355Z
886,1,2025-07-17T07:24:33.996034Z,2477,3.751,미식,"""싱싱한 해산물과 함께한 바닷가에서의 식사는 그야말로 꿀맛.""",2025-07-17T07:24:33.996042Z
887,1,2025-07-17T07:24:35.782527Z,2478,1.651,해양,"""탁 트인 바다를 보니 막혔던 가슴이 뻥 뚫리는 기분입니다.""",2025-07-17T07:24:35.782559Z
888,1,2025-07-17T07:24:39.921196Z,2479,4.01,해양,"""석양이 물드는 해변을 걷는 것만으로도 완벽한 하루였어요.""",2025-07-17T07:24:39.921206Z
889,1,2025-07-17T07:24:41.735591Z,2480,1.682,기타,"""최애 아이돌 콘서트 직관, 함성 소리와 열기에 온몸에 소름이 돋았어요.""",2025-07-17T07:24:41.735613Z
890,1,2025-07-17T07:24:42.747022Z,2481,0.869,기타,"""드라마 촬영지를 직접 와보니 마치 주인공이 된 것 같아요.""",2025-07-17T07:24:42.747040Z
891,1,2025-07-17T07:24:43.645006Z,2482,0.762,k-문화,"""생동감 넘치는 뮤지컬 배우들의 연기와 노래에 완전히 매료되었습니다.""",2025-07-17T07:24:43.645018Z
892,1,2025-07-17T07:24:44.574805Z,2483,0.781,기타,"""웹툰 속 배경이 된 장소를 찾아다니는 재미가 쏠쏠했어요.""",2025-07-17T07:24:44.574828Z
893,1,2025-07-17T07:24:45.491354Z,2484,0.782,k-문화,"""부산국제영화제에서 평소 좋아하던 감독님을 만나다니, 꿈만 같아요!""",2025-07-17T07:24:45.491365Z
894,1,2025-07-17T07:24:46.446510Z,2485,0.822,k-문화,"""K-POP 댄스 클래스, 몸은 힘들었지만 정말 신나고 특별한 경험이었어요.""",2025-07-17T07:24:46.446530Z
895,1,2025-07-17T07:24:47.356233Z,2486,0.776,기타,"""전 세계 팬들과 함께 K-문화를 즐기는 이 순간, 정말 자랑스러워요.""",2025-07-17T07:24:47.356249Z
896,1,2025-07-17T07:24:48.822705Z,2487,1.334,k-문화,"""홍대 버스킹 공연, 길거리에서 만난 수준 높은 라이브에 발걸음을 멈췄어요.""",2025-07-17T07:24:48.822722Z
897,1,2025-07-17T07:24:50.634489Z,2488,1.667,기타,"""전시회에서 만난 한국 아티스트들의 작품은 정말 인상 깊었습니다.""",2025-07-17T07:24:50.634514Z
898,1,2025-07-17T07:24:51.897748Z,2489,1.128,k-문화,"""한국 영화의 힘과 매력을 다시 한번 느낄 수 있었던 시간이었습니다.""",2025-07-17T07:24:51.897764Z
899,1,2025-07-17T07:24:53.811384Z,2490,1.777,기타,"""생각했던 것보다 괜찮았어요.""",2025-07-17T07:24:53.811404Z
900,1,2025-07-17T07:24:55.115415Z,2491,1.17,기타,"""기회가 되면 다시 방문하고 싶네요.""",2025-07-17T07:24:55.115432Z
901,1,2025-07-17T07:24:56.218608Z,2492,0.963,기타,"""전체적으로 무난하고 좋았습니다.""",2025-07-17T07:24:56.218623Z
902,1,2025-07-17T07:24:57.473530Z,2493,1.112,기타,"""직원분들이 친절해서 기분 좋았어요.""",2025-07-17T07:24:57.473550Z
903,1,2025-07-17T07:24:58.545432Z,2494,0.937,기타,"""기대를 너무 많이 해서 그런지 조금 아쉬웠어요.""",2025-07-17T07:24:58.545456Z
904,1,2025-07-17T07:24:59.614207Z,2495,0.931,기타,"""한 번쯤 경험해볼 만한 것 같아요.""",2025-07-17T07:24:59.614248Z
905,1,2025-07-17T07:25:00.926896Z,2496,1.177,기타,"""위치가 좋아서 찾아가기 편했습니다.""",2025-07-17T07:25:00.926910Z
906,1,2025-07-17T07:25:02.048531Z,2497,0.982,기타,"""가격 대비 만족도는 보통입니다.""",2025-07-17T07:25:02.048548Z
907,1,2025-07-17T07:25:03.334764Z,2498,1.159,기타,"""깨끗하고 시설이 잘 관리되어 있었어요.""",2025-07-17T07:25:03.334780Z
908,1,2025-07-17T07:25:04.675717Z,2499,1.193,기타,"""주변 사람들에게 추천할 만합니다.""",2025-07-17T07:25:04.675731Z
